# Sapphire, ordinary ray. I. H. Malitson, J. Opt. Soc. Am. 52, 1377 (1962). Tabulated here from the Sellmeier coefficients so that the deposit carries no substrate database. Substrate of the single-layer witnesses.
Wavelength_nm,n,k
250,1.845229285,0
260,1.837290287,0
270,1.830399048,0
280,1.824370654,0
290,1.819060621,0
300,1.814354431,0
310,1.810160174,0
320,1.806403254,0
330,1.803022527,0
340,1.79996742,0
350,1.797195765,0
360,1.794672139,0
370,1.792366587,0
380,1.790253618,0
390,1.788311417,0
400,1.786521214,0
410,1.784866779,0
420,1.783334017,0
430,1.781910631,0
440,1.780585851,0
450,1.779350209,0
460,1.778195354,0
470,1.777113891,0
480,1.776099254,0
490,1.775145595,0
500,1.774247693,0
510,1.773400868,0
520,1.772600922,0
530,1.771844074,0
540,1.771126915,0
550,1.770446361,0
560,1.769799619,0
570,1.769184152,0
580,1.768597654,0
590,1.768038022,0
600,1.767503336,0
610,1.766991841,0
620,1.766501929,0
630,1.766032125,0
640,1.765581072,0
650,1.765147522,0
660,1.764730327,0
670,1.764328425,0
680,1.763940835,0
690,1.763566651,0
700,1.763205031,0
710,1.762855196,0
720,1.762516422,0
730,1.762188037,0
740,1.761869414,0
750,1.76155997,0
760,1.761259161,0
770,1.760966478,0
780,1.760681447,0
790,1.760403625,0
800,1.760132596,0
810,1.75986797,0
820,1.759609382,0
830,1.759356489,0
840,1.75910897,0
850,1.758866522,0
860,1.75862886,0
870,1.758395716,0
880,1.758166837,0
890,1.757941985,0
900,1.757720936,0
910,1.757503476,0
920,1.757289406,0
930,1.757078536,0
940,1.756870686,0
950,1.756665686,0
960,1.756463376,0
970,1.756263603,0
980,1.756066221,0
990,1.755871095,0
1000,1.755678093,0
1010,1.755487092,0
1020,1.755297973,0
1030,1.755110626,0
1040,1.754924942,0
1050,1.754740821,0
1060,1.754558167,0
1070,1.754376886,0
1080,1.754196891,0
1090,1.754018098,0
1100,1.753840428,0
1110,1.753663803,0
1120,1.753488151,0
1130,1.753313402,0
1140,1.75313949,0
1150,1.752966351,0
1160,1.752793923,0
1170,1.752622148,0
1180,1.75245097,0
1190,1.752280336,0
1200,1.752110194,0
1210,1.751940494,0
1220,1.751771191,0
1230,1.751602237,0
1240,1.75143359,0
1250,1.751265208,0
1260,1.75109705,0
1270,1.750929078,0
1280,1.750761255,0
1290,1.750593544,0
1300,1.750425912,0
1310,1.750258326,0
1320,1.750090754,0
1330,1.749923164,0
1340,1.749755527,0
1350,1.749587816,0
1360,1.749420002,0
1370,1.749252059,0
1380,1.749083961,0
1390,1.748915684,0
1400,1.748747203,0
1410,1.748578497,0
1420,1.748409542,0
1430,1.748240318,0
1440,1.748070803,0
1450,1.747900977,0
1460,1.747730821,0
1470,1.747560316,0
1480,1.747389445,0
1490,1.747218189,0
1500,1.747046531,0
1510,1.746874456,0
1520,1.746701946,0
1530,1.746528987,0
1540,1.746355563,0
1550,1.746181661,0
1560,1.746007265,0
1570,1.745832362,0
1580,1.745656939,0
1590,1.745480983,0
1600,1.745304481,0
1610,1.745127422,0
1620,1.744949793,0
1630,1.744771583,0
1640,1.74459278,0
1650,1.744413374,0
1660,1.744233355,0
1670,1.744052712,0
1680,1.743871434,0
1690,1.743689513,0
1700,1.743506938,0
1710,1.743323701,0
1720,1.743139792,0
1730,1.742955203,0
1740,1.742769925,0
1750,1.74258395,0
1760,1.742397269,0
1770,1.742209875,0
1780,1.74202176,0
1790,1.741832917,0
1800,1.741643337,0
1810,1.741453014,0
1820,1.741261941,0
1830,1.741070111,0
1840,1.740877516,0
1850,1.740684151,0
1860,1.740490009,0
1870,1.740295084,0
1880,1.74009937,0
1890,1.73990286,0
1900,1.739705548,0
1910,1.73950743,0
1920,1.739308498,0
1930,1.739108748,0
1940,1.738908175,0
1950,1.738706772,0
1960,1.738504535,0
1970,1.738301458,0
1980,1.738097536,0
1990,1.737892766,0
2000,1.73768714,0
2010,1.737480656,0
2020,1.737273307,0
2030,1.737065091,0
2040,1.736856001,0
2050,1.736646034,0
2060,1.736435185,0
2070,1.73622345,0
2080,1.736010824,0
2090,1.735797304,0
2100,1.735582886,0
2110,1.735367565,0
2120,1.735151337,0
2130,1.734934199,0
2140,1.734716147,0
2150,1.734497176,0
2160,1.734277284,0
2170,1.734056466,0
2180,1.733834719,0
2190,1.733612039,0
2200,1.733388422,0
2210,1.733163866,0
2220,1.732938366,0
2230,1.73271192,0
2240,1.732484524,0
2250,1.732256174,0
2260,1.732026867,0
2270,1.7317966,0
2280,1.731565371,0
2290,1.731333174,0
2300,1.731100009,0
2310,1.73086587,0
2320,1.730630756,0
2330,1.730394663,0
2340,1.730157589,0
2350,1.729919529,0
2360,1.729680482,0
2370,1.729440444,0
2380,1.729199413,0
2390,1.728957385,0
2400,1.728714358,0
2410,1.728470328,0
2420,1.728225294,0
2430,1.727979252,0
2440,1.727732199,0
2450,1.727484133,0
2460,1.727235051,0
2470,1.72698495,0
2480,1.726733828,0
2490,1.726481681,0
2500,1.726228508,0
2510,1.725974306,0
2520,1.725719071,0
2530,1.725462802,0
2540,1.725205496,0
2550,1.72494715,0
2560,1.724687761,0
2570,1.724427328,0
2580,1.724165847,0
2590,1.723903317,0
2600,1.723639734,0
2610,1.723375096,0
2620,1.7231094,0
2630,1.722842645,0
2640,1.722574827,0
2650,1.722305944,0
2660,1.722035994,0
2670,1.721764975,0
2680,1.721492883,0
2690,1.721219716,0
2700,1.720945473,0
2710,1.72067015,0
2720,1.720393745,0
2730,1.720116256,0
2740,1.719837681,0
2750,1.719558016,0
2760,1.71927726,0
2770,1.718995411,0
2780,1.718712465,0
2790,1.71842842,0
2800,1.718143275,0
2810,1.717857027,0
2820,1.717569673,0
2830,1.717281211,0
2840,1.716991639,0
2850,1.716700955,0
2860,1.716409155,0
2870,1.716116239,0
2880,1.715822202,0
2890,1.715527044,0
2900,1.715230761,0
2910,1.714933352,0
2920,1.714634814,0
2930,1.714335145,0
2940,1.714034342,0
2950,1.713732403,0
2960,1.713429326,0
2970,1.713125108,0
2980,1.712819747,0
2990,1.712513242,0
3000,1.712205588,0
3010,1.711896785,0
3020,1.711586829,0
3030,1.711275719,0
3040,1.710963452,0
3050,1.710650026,0
3060,1.710335438,0
3070,1.710019687,0
3080,1.709702769,0
3090,1.709384682,0
3100,1.709065425,0
3110,1.708744994,0
3120,1.708423388,0
3130,1.708100603,0
3140,1.707776639,0
3150,1.707451491,0
3160,1.707125159,0
3170,1.706797639,0
3180,1.706468929,0
3190,1.706139027,0
3200,1.70580793,0
3210,1.705475637,0
3220,1.705142144,0
3230,1.704807449,0
3240,1.70447155,0
3250,1.704134445,0
3260,1.703796131,0
3270,1.703456605,0
3280,1.703115865,0
3290,1.70277391,0
3300,1.702430735,0
3310,1.70208634,0
3320,1.701740721,0
3330,1.701393876,0
3340,1.701045802,0
3350,1.700696498,0
3360,1.700345961,0
3370,1.699994187,0
3380,1.699641176,0
3390,1.699286923,0
3400,1.698931427,0
3410,1.698574686,0
3420,1.698216696,0
3430,1.697857456,0
3440,1.697496962,0
3450,1.697135212,0
3460,1.696772205,0
3470,1.696407936,0
3480,1.696042404,0
3490,1.695675605,0
3500,1.695307539,0
3510,1.694938201,0
3520,1.694567589,0
3530,1.694195701,0
3540,1.693822535,0
3550,1.693448087,0
3560,1.693072354,0
3570,1.692695336,0
3580,1.692317027,0
3590,1.691937427,0
3600,1.691556533,0
3610,1.691174341,0
3620,1.690790849,0
3630,1.690406054,0
3640,1.690019955,0
3650,1.689632547,0
3660,1.689243829,0
3670,1.688853797,0
3680,1.688462449,0
3690,1.688069783,0
3700,1.687675795,0
3710,1.687280483,0
3720,1.686883843,0
3730,1.686485874,0
3740,1.686086573,0
3750,1.685685936,0
3760,1.685283961,0
3770,1.684880645,0
3780,1.684475985,0
3790,1.684069979,0
3800,1.683662623,0
3810,1.683253915,0
3820,1.682843852,0
3830,1.682432431,0
3840,1.682019649,0
3850,1.681605504,0
3860,1.681189991,0
3870,1.680773109,0
3880,1.680354855,0
3890,1.679935226,0
3900,1.679514218,0
3910,1.679091828,0
3920,1.678668055,0
3930,1.678242894,0
3940,1.677816343,0
3950,1.677388399,0
3960,1.676959058,0
3970,1.676528318,0
3980,1.676096176,0
3990,1.675662629,0
4000,1.675227673,0
4010,1.674791305,0
4020,1.674353523,0
4030,1.673914324,0
4040,1.673473703,0
4050,1.673031659,0
4060,1.672588188,0
4070,1.672143286,0
4080,1.671696951,0
4090,1.67124918,0
4100,1.670799969,0
4110,1.670349315,0
4120,1.669897214,0
4130,1.669443665,0
4140,1.668988663,0
4150,1.668532205,0
4160,1.668074288,0
4170,1.667614908,0
4180,1.667154063,0
4190,1.666691749,0
4200,1.666227962,0
4210,1.6657627,0
4220,1.665295959,0
4230,1.664827735,0
4240,1.664358026,0
4250,1.663886827,0
4260,1.663414136,0
4270,1.662939949,0
4280,1.662464263,0
4290,1.661987074,0
4300,1.661508378,0
4310,1.661028173,0
4320,1.660546454,0
4330,1.660063219,0
4340,1.659578463,0
4350,1.659092183,0
4360,1.658604376,0
4370,1.658115038,0
4380,1.657624165,0
4390,1.657131754,0
4400,1.656637802,0
4410,1.656142304,0
4420,1.655645256,0
4430,1.655146656,0
4440,1.6546465,0
4450,1.654144783,0
4460,1.653641503,0
4470,1.653136655,0
4480,1.652630236,0
4490,1.652122241,0
4500,1.651612668,0
4510,1.651101512,0
4520,1.650588769,0
4530,1.650074437,0
4540,1.64955851,0
4550,1.649040985,0
4560,1.648521858,0
4570,1.648001125,0
4580,1.647478783,0
4590,1.646954827,0
4600,1.646429253,0
4610,1.645902058,0
4620,1.645373237,0
4630,1.644842787,0
4640,1.644310703,0
4650,1.643776981,0
4660,1.643241618,0
4670,1.642704609,0
4680,1.64216595,0
4690,1.641625637,0
4700,1.641083666,0
4710,1.640540033,0
4720,1.639994733,0
4730,1.639447763,0
4740,1.638899118,0
4750,1.638348793,0
4760,1.637796786,0
4770,1.63724309,0
4780,1.636687703,0
4790,1.63613062,0
4800,1.635571836,0
4810,1.635011347,0
4820,1.634449149,0
4830,1.633885238,0
4840,1.633319608,0
4850,1.632752256,0
4860,1.632183177,0
4870,1.631612367,0
4880,1.631039821,0
4890,1.630465534,0
4900,1.629889503,0
4910,1.629311722,0
4920,1.628732187,0
4930,1.628150893,0
4940,1.627567836,0
4950,1.626983012,0
4960,1.626396414,0
4970,1.62580804,0
4980,1.625217883,0
4990,1.62462594,0
5000,1.624032206,0
5010,1.623436675,0
5020,1.622839343,0
5030,1.622240205,0
5040,1.621639257,0
5050,1.621036493,0
5060,1.620431909,0
5070,1.6198255,0
5080,1.61921726,0
5090,1.618607185,0
5100,1.61799527,0
5110,1.61738151,0
5120,1.616765899,0
5130,1.616148434,0
5140,1.615529108,0
5150,1.614907916,0
5160,1.614284854,0
5170,1.613659916,0
5180,1.613033098,0
5190,1.612404393,0
5200,1.611773797,0
