# Nb2O5 deposited by plasma-assisted reactive magnetron sputtering on a Buhler Leybold Optics HELIOS 800, Institut Fresnel, March 2026 campaign. Optical constants determined from the relative transmittance of the reference single layers and published with Volet 1 (Optics Continuum). sigma_n is the half-width of the published uncertainty envelope. Beyond the last interference extremum, near 4840 nm, the index is no longer constrained by the fringe positions; see valid_range_nm in the study files. Never adjusted.
Wavelength_nm,n,k,sigma_n
350,2.7685,0.0176,0.00705
352,2.7526,0.0145,0.007
354,2.7377,0.0119,0.00695
356,2.7237,0.0097,0.00695
358,2.7106,0.00785,0.0069
360,2.6982,0.00632,0.00685
362,2.6865,0.00507,0.00685
364,2.6754,0.00406,0.0068
366,2.665,0.00325,0.00675
368,2.6552,0.0026,0.0067
370,2.6459,0.00208,0.0067
372,2.6371,0.00167,0.0067
374,2.6287,0.00134,0.0067
376,2.6207,0.00109,0.00665
378,2.6131,0.000881,0.00665
380,2.6059,0.000719,0.0066
382,2.599,0.00059,0.0066
384,2.5923,0.000487,0.00655
386,2.5859,0.000405,0.00655
388,2.5798,0.000339,0.00655
390,2.5738,0.000287,0.00655
392,2.568,0.000244,0.00655
394,2.5624,0.00021,0.0065
396,2.5569,0.000182,0.00645
398,2.5516,0.000159,0.00645
400,2.5465,0.00014,0.00645
405,2.5342,0.000104,0.0064
410,2.5227,8.14e-05,0.0064
415,2.5119,6.58e-05,0.00635
420,2.5019,5.48e-05,0.00635
425,2.4925,4.7e-05,0.0063
430,2.4836,4.14e-05,0.0063
435,2.4753,3.72e-05,0.00625
440,2.4675,3.42e-05,0.00625
445,2.4601,3.19e-05,0.00625
450,2.4531,3.02e-05,0.00625
455,2.4466,2.9e-05,0.0062
460,2.4403,2.82e-05,0.0062
465,2.4344,2.77e-05,0.00615
470,2.4288,2.74e-05,0.00615
475,2.4235,2.73e-05,0.00615
480,2.4184,2.74e-05,0.00615
485,2.4135,2.76e-05,0.0061
490,2.4089,2.8e-05,0.0061
495,2.4044,2.84e-05,0.0061
500,2.4002,2.9e-05,0.00605
505,2.3961,2.96e-05,0.00605
510,2.3921,3.02e-05,0.00605
515,2.3883,3.09e-05,0.00605
520,2.3847,3.16e-05,0.00605
525,2.3811,3.23e-05,0.00605
530,2.3777,3.3e-05,0.006
535,2.3744,3.37e-05,0.006
540,2.3712,3.44e-05,0.006
545,2.368,3.5e-05,0.00595
550,2.365,3.56e-05,0.006
555,2.362,3.61e-05,0.006
560,2.3591,3.66e-05,0.006
565,2.3562,3.7e-05,0.00595
570,2.3535,3.74e-05,0.00595
575,2.3508,3.77e-05,0.00595
580,2.3482,3.8e-05,0.00595
585,2.3457,3.83e-05,0.0059
590,2.3432,3.86e-05,0.00585
595,2.3408,3.89e-05,0.0059
600,2.3385,3.91e-05,0.00585
605,2.3363,3.94e-05,0.0059
610,2.3341,3.96e-05,0.00585
615,2.332,3.99e-05,0.00585
620,2.33,4.01e-05,0.00585
625,2.328,4.04e-05,0.00585
630,2.3261,4.07e-05,0.00585
635,2.3243,4.11e-05,0.00585
640,2.3225,4.14e-05,0.00585
645,2.3208,4.18e-05,0.00585
650,2.3192,4.22e-05,0.0058
655,2.3176,4.26e-05,0.00585
660,2.316,4.3e-05,0.0058
665,2.3145,4.34e-05,0.0058
670,2.3131,4.39e-05,0.00585
675,2.3117,4.43e-05,0.00585
680,2.3103,4.48e-05,0.0058
685,2.309,4.53e-05,0.0058
690,2.3077,4.58e-05,0.0058
695,2.3065,4.63e-05,0.0058
700,2.3053,4.68e-05,0.0058
705,2.3041,4.73e-05,0.0058
710,2.3029,4.78e-05,0.0058
715,2.3018,4.82e-05,0.0058
720,2.3007,4.87e-05,0.0058
725,2.2996,4.92e-05,0.00575
730,2.2986,4.97e-05,0.0058
735,2.2975,5.02e-05,0.0058
740,2.2965,5.07e-05,0.00575
745,2.2955,5.12e-05,0.00575
750,2.2946,5.16e-05,0.0058
755,2.2936,5.21e-05,0.00575
760,2.2927,5.26e-05,0.0058
765,2.2918,5.3e-05,0.00575
770,2.2909,5.34e-05,0.00575
775,2.29,5.39e-05,0.00575
780,2.2891,5.43e-05,0.00575
785,2.2882,5.47e-05,0.00575
790,2.2874,5.51e-05,0.00575
795,2.2865,5.54e-05,0.00575
800,2.2857,5.58e-05,0.00575
805,2.2849,5.62e-05,0.0057
810,2.2841,5.65e-05,0.0057
815,2.2833,5.68e-05,0.00575
820,2.2826,5.72e-05,0.00575
825,2.2818,5.75e-05,0.0057
830,2.2811,5.78e-05,0.0057
835,2.2803,5.81e-05,0.0057
840,2.2796,5.83e-05,0.0057
845,2.2789,5.86e-05,0.0057
850,2.2782,5.89e-05,0.0057
855,2.2775,5.91e-05,0.0057
860,2.2768,5.93e-05,0.0057
865,2.2762,5.96e-05,0.00565
870,2.2755,5.98e-05,0.0057
875,2.2749,6e-05,0.00565
880,2.2742,6.02e-05,0.00565
885,2.2736,6.03e-05,0.0056
890,2.273,6.05e-05,0.0056
895,2.2724,6.07e-05,0.0056
900,2.2718,6.08e-05,0.0056
905,2.2712,6.09e-05,0.0056
910,2.2707,6.11e-05,0.00565
915,2.2701,6.12e-05,0.0056
920,2.2695,6.13e-05,0.00565
925,2.269,6.14e-05,0.0056
930,2.2685,6.15e-05,0.0056
935,2.2679,6.16e-05,0.0056
940,2.2674,6.16e-05,0.0056
945,2.2669,6.17e-05,0.0056
950,2.2664,6.17e-05,0.0056
955,2.2659,6.18e-05,0.00555
960,2.2655,6.18e-05,0.00555
965,2.265,6.19e-05,0.0056
970,2.2645,6.19e-05,0.00555
975,2.2641,6.19e-05,0.00555
980,2.2636,6.19e-05,0.00555
985,2.2632,6.19e-05,0.0056
990,2.2628,6.19e-05,0.00555
995,2.2624,6.19e-05,0.00555
1000,2.2619,6.18e-05,0.00555
1005,2.2615,6.18e-05,0.00555
1010,2.2611,6.18e-05,0.00555
1015,2.2607,6.17e-05,0.00555
1020,2.2604,6.17e-05,0.00555
1025,2.26,6.16e-05,0.00555
1030,2.2596,6.15e-05,0.0055
1035,2.2592,6.15e-05,0.00555
1040,2.2589,6.14e-05,0.00555
1045,2.2585,6.13e-05,0.0055
1050,2.2582,6.12e-05,0.00555
1055,2.2578,6.11e-05,0.0055
1060,2.2575,6.1e-05,0.0055
1065,2.2572,6.09e-05,0.00555
1070,2.2569,6.08e-05,0.00555
1075,2.2565,6.07e-05,0.0055
1080,2.2562,6.06e-05,0.0055
1085,2.2559,6.04e-05,0.0055
1090,2.2556,6.03e-05,0.0055
1095,2.2553,6.02e-05,0.0055
1100,2.2551,6e-05,0.0055
1105,2.2548,5.99e-05,0.0055
1110,2.2545,5.98e-05,0.0055
1115,2.2542,5.96e-05,0.0055
1120,2.254,5.95e-05,0.0055
1125,2.2537,5.93e-05,0.0055
1130,2.2534,5.92e-05,0.0055
1135,2.2532,5.91e-05,0.0055
1140,2.2529,5.89e-05,0.0055
1145,2.2527,5.88e-05,0.00545
1150,2.2524,5.87e-05,0.0055
1155,2.2522,5.85e-05,0.0055
1160,2.2519,5.84e-05,0.0055
1165,2.2517,5.83e-05,0.0055
1170,2.2515,5.81e-05,0.00545
1175,2.2512,5.8e-05,0.0055
1180,2.251,5.79e-05,0.0055
1185,2.2508,5.78e-05,0.00545
1190,2.2506,5.77e-05,0.0055
1195,2.2503,5.76e-05,0.0055
1200,2.2501,5.75e-05,0.0055
1210,2.2497,5.73e-05,0.00545
1220,2.2493,5.71e-05,0.0055
1230,2.2488,5.7e-05,0.0055
1240,2.2484,5.69e-05,0.0055
1250,2.248,5.68e-05,0.0055
1260,2.2476,5.67e-05,0.0055
1270,2.2472,5.67e-05,0.0055
1280,2.2468,5.66e-05,0.0055
1290,2.2464,5.66e-05,0.0055
1300,2.246,5.66e-05,0.00545
1310,2.2457,5.67e-05,0.00545
1320,2.2453,5.68e-05,0.00545
1330,2.2449,5.69e-05,0.00545
1340,2.2445,5.7e-05,0.0054
1350,2.2442,5.71e-05,0.00545
1360,2.2438,5.73e-05,0.00545
1370,2.2434,5.75e-05,0.0054
1380,2.243,5.77e-05,0.0054
1390,2.2427,5.8e-05,0.00545
1400,2.2423,5.83e-05,0.0054
1410,2.2419,5.86e-05,0.0054
1420,2.2416,5.89e-05,0.0054
1430,2.2412,5.93e-05,0.0054
1440,2.2408,5.97e-05,0.0054
1450,2.2405,6.01e-05,0.00535
1460,2.2401,6.05e-05,0.0054
1470,2.2398,6.1e-05,0.00535
1480,2.2394,6.15e-05,0.00535
1490,2.239,6.21e-05,0.0054
1500,2.2387,6.26e-05,0.00535
1510,2.2383,6.32e-05,0.00535
1520,2.2379,6.38e-05,0.0053
1530,2.2376,6.45e-05,0.00535
1540,2.2372,6.51e-05,0.0053
1550,2.2369,6.58e-05,0.0053
1560,2.2365,6.66e-05,0.0053
1570,2.2361,6.73e-05,0.0053
1580,2.2358,6.81e-05,0.00525
1590,2.2354,6.9e-05,0.00525
1600,2.235,6.98e-05,0.00525
1610,2.2347,7.07e-05,0.00525
1620,2.2343,7.17e-05,0.0052
1630,2.2339,7.26e-05,0.00525
1640,2.2336,7.36e-05,0.00525
1650,2.2332,7.46e-05,0.0052
1660,2.2329,7.57e-05,0.0052
1670,2.2325,7.68e-05,0.0052
1680,2.2321,7.79e-05,0.0052
1690,2.2318,7.91e-05,0.00515
1700,2.2314,8.03e-05,0.00515
1710,2.231,8.15e-05,0.00515
1720,2.2307,8.28e-05,0.00515
1730,2.2303,8.41e-05,0.0051
1740,2.2299,8.55e-05,0.0051
1750,2.2296,8.69e-05,0.0051
1760,2.2292,8.83e-05,0.0051
1770,2.2288,8.98e-05,0.00505
1780,2.2285,9.13e-05,0.00505
1790,2.2281,9.29e-05,0.00505
1800,2.2277,9.45e-05,0.00505
1810,2.2274,9.61e-05,0.005
1820,2.227,9.78e-05,0.005
1830,2.2267,9.96e-05,0.005
1840,2.2263,0.000101,0.005
1850,2.2259,0.000103,0.00495
1860,2.2256,0.000105,0.00495
1870,2.2252,0.000107,0.00495
1880,2.2249,0.000109,0.00495
1890,2.2245,0.000111,0.0049
1900,2.2241,0.000113,0.00495
1910,2.2238,0.000115,0.0049
1920,2.2234,0.000117,0.0049
1930,2.2231,0.000119,0.0049
1940,2.2227,0.000121,0.00485
1950,2.2224,0.000124,0.0049
1960,2.222,0.000126,0.00485
1970,2.2217,0.000128,0.0048
1980,2.2213,0.000131,0.00485
1990,2.221,0.000133,0.0048
2000,2.2207,0.000135,0.0048
2010,2.2203,0.000138,0.0048
2020,2.22,0.00014,0.0048
2030,2.2196,0.000143,0.0048
2040,2.2193,0.000145,0.0048
2050,2.219,0.000148,0.0048
2060,2.2186,0.000151,0.0048
2070,2.2183,0.000153,0.00475
2080,2.218,0.000156,0.00475
2090,2.2177,0.000159,0.0048
2100,2.2173,0.000162,0.00475
2110,2.217,0.000165,0.00475
2120,2.2167,0.000167,0.00475
2130,2.2164,0.00017,0.00475
2140,2.2161,0.000173,0.00475
2150,2.2158,0.000176,0.0047
2160,2.2155,0.000179,0.0047
2170,2.2152,0.000182,0.0047
2180,2.2149,0.000185,0.0047
2190,2.2146,0.000189,0.0047
2200,2.2143,0.000192,0.0047
2210,2.214,0.000195,0.0047
2220,2.2137,0.000198,0.0047
2230,2.2134,0.000201,0.0047
2240,2.2131,0.000205,0.0047
2250,2.2128,0.000208,0.0047
2260,2.2125,0.000211,0.0047
2270,2.2122,0.000215,0.00475
2280,2.2119,0.000218,0.00475
2290,2.2116,0.000222,0.00475
2300,2.2114,0.000225,0.0047
2310,2.2111,0.000229,0.0047
2320,2.2108,0.000232,0.00475
2330,2.2105,0.000236,0.00475
2340,2.2103,0.000239,0.00475
2350,2.21,0.000243,0.00475
2360,2.2097,0.000247,0.00475
2370,2.2095,0.00025,0.00475
2380,2.2092,0.000254,0.00475
2390,2.2089,0.000258,0.00475
2400,2.2087,0.000262,0.0048
2410,2.2084,0.000265,0.00475
2420,2.2082,0.000269,0.0048
2430,2.2079,0.000273,0.0048
2440,2.2077,0.000277,0.0048
2450,2.2074,0.000281,0.0048
2460,2.2072,0.000285,0.0048
2470,2.2069,0.000289,0.0048
2480,2.2067,0.000293,0.0048
2490,2.2064,0.000297,0.00485
2500,2.2062,0.0003,0.0048
2510,2.206,0.000305,0.00485
2520,2.2057,0.000309,0.00485
2530,2.2055,0.000313,0.0049
2540,2.2053,0.000317,0.00485
2550,2.205,0.000321,0.0049
2560,2.2048,0.000325,0.0049
2570,2.2046,0.000329,0.00485
2580,2.2043,0.000333,0.0049
2590,2.2041,0.000337,0.0049
2600,2.2039,0.000341,0.00495
2610,2.2036,0.000346,0.0049
2620,2.2034,0.00035,0.00495
2630,2.2032,0.000354,0.00495
2640,2.2029,0.000358,0.005
2650,2.2027,0.000363,0.00495
2660,2.2024,0.000367,0.005
2670,2.2022,0.000371,0.005
2680,2.202,0.000375,0.005
2690,2.2017,0.00038,0.005
2700,2.2015,0.000384,0.00505
2710,2.2012,0.000388,0.005
2720,2.201,0.000393,0.00505
2730,2.2007,0.000397,0.00505
2740,2.2005,0.000402,0.00505
2750,2.2002,0.000406,0.00505
2760,2.1999,0.00041,0.0051
2770,2.1997,0.000415,0.00505
2780,2.1994,0.000419,0.0051
2790,2.1992,0.000424,0.0051
2800,2.1989,0.000428,0.0051
2810,2.1986,0.000432,0.00515
2820,2.1983,0.000437,0.0051
2830,2.1981,0.000441,0.0051
2840,2.1978,0.000446,0.0051
2850,2.1975,0.00045,0.00515
2860,2.1972,0.000455,0.00515
2870,2.1969,0.000459,0.00515
2880,2.1966,0.000464,0.00515
2890,2.1963,0.000468,0.00515
2900,2.196,0.000473,0.00515
2910,2.1957,0.000477,0.00515
2920,2.1954,0.000482,0.00515
2930,2.1951,0.000486,0.00515
2940,2.1948,0.000491,0.0052
2950,2.1945,0.000495,0.0052
2960,2.1942,0.0005,0.0052
2970,2.1938,0.000504,0.00515
2980,2.1935,0.000509,0.00515
2990,2.1932,0.000513,0.0052
3000,2.1929,0.000518,0.0052
3010,2.1925,0.000522,0.00515
3020,2.1922,0.000527,0.0052
3030,2.1918,0.000531,0.0052
3040,2.1915,0.000536,0.0052
3050,2.1912,0.000541,0.0052
3060,2.1908,0.000545,0.0052
3070,2.1904,0.00055,0.0052
3080,2.1901,0.000554,0.0052
3090,2.1897,0.000559,0.00515
3100,2.1894,0.000563,0.0052
3110,2.189,0.000568,0.0052
3120,2.1886,0.000572,0.00515
3130,2.1883,0.000577,0.00515
3140,2.1879,0.000581,0.0052
3150,2.1875,0.000586,0.0052
3160,2.1871,0.00059,0.00515
3170,2.1867,0.000595,0.00515
3180,2.1863,0.000599,0.00515
3190,2.186,0.000604,0.00515
3200,2.1856,0.000608,0.00515
3210,2.1852,0.000613,0.00515
3220,2.1848,0.000617,0.00515
3230,2.1844,0.000622,0.00515
3240,2.184,0.000626,0.00515
3250,2.1835,0.000631,0.00515
3260,2.1831,0.000635,0.00515
3270,2.1827,0.00064,0.0051
3280,2.1823,0.000644,0.0051
3290,2.1819,0.000648,0.0051
3300,2.1815,0.000653,0.00505
3310,2.181,0.000657,0.00505
3320,2.1806,0.000662,0.0051
3330,2.1802,0.000666,0.00505
3340,2.1797,0.000671,0.00505
3350,2.1793,0.000675,0.005
3360,2.1789,0.000679,0.00505
3370,2.1784,0.000684,0.005
3380,2.178,0.000688,0.005
3390,2.1775,0.000693,0.005
3400,2.1771,0.000697,0.005
3410,2.1766,0.000701,0.00495
3420,2.1762,0.000706,0.00495
3430,2.1757,0.00071,0.00495
3440,2.1752,0.000714,0.00495
3450,2.1748,0.000719,0.0049
3460,2.1743,0.000723,0.0049
3470,2.1738,0.000727,0.0049
3480,2.1734,0.000731,0.0049
3490,2.1729,0.000736,0.0049
3500,2.1724,0.00074,0.00485
3510,2.1719,0.000744,0.00485
3520,2.1715,0.000748,0.0048
3530,2.171,0.000753,0.0048
3540,2.1705,0.000757,0.0048
3550,2.17,0.000761,0.00475
3560,2.1695,0.000765,0.00475
3570,2.169,0.00077,0.00475
3580,2.1685,0.000774,0.00475
3590,2.168,0.000778,0.0047
3600,2.1676,0.000782,0.0047
3610,2.1671,0.000786,0.0047
3620,2.1666,0.00079,0.0047
3630,2.166,0.000794,0.00465
3640,2.1655,0.000799,0.0046
3650,2.165,0.000803,0.0046
3660,2.1645,0.000807,0.0046
3670,2.164,0.000811,0.0046
3680,2.1635,0.000815,0.00455
3690,2.163,0.000819,0.00455
3700,2.1625,0.000823,0.00455
3710,2.162,0.000827,0.0045
3720,2.1614,0.000831,0.0045
3730,2.1609,0.000835,0.0045
3740,2.1604,0.000839,0.00445
3750,2.1599,0.000843,0.00445
3760,2.1594,0.000847,0.0044
3770,2.1588,0.000851,0.0044
3780,2.1583,0.000855,0.00435
3790,2.1578,0.000859,0.00435
3800,2.1572,0.000863,0.0043
3810,2.1567,0.000866,0.0043
3820,2.1562,0.00087,0.00425
3830,2.1556,0.000874,0.0043
3840,2.1551,0.000878,0.00425
3850,2.1546,0.000882,0.00425
3860,2.154,0.000886,0.0042
3870,2.1535,0.000889,0.00415
3880,2.1529,0.000893,0.00415
3890,2.1524,0.000897,0.00415
3900,2.1518,0.000901,0.0041
3910,2.1513,0.000905,0.0041
3920,2.1507,0.000908,0.00405
3930,2.1502,0.000912,0.004
3940,2.1496,0.000916,0.00405
3950,2.1491,0.000919,0.004
3960,2.1485,0.000923,0.00395
3970,2.148,0.000927,0.004
3980,2.1474,0.00093,0.00395
3990,2.1469,0.000934,0.0039
4000,2.1463,0.000938,0.00385
4010,2.1458,0.000941,0.00385
4020,2.1452,0.000945,0.00385
4030,2.1446,0.000948,0.0038
4040,2.1441,0.000952,0.0038
4050,2.1435,0.000956,0.00375
4060,2.143,0.000959,0.0037
4070,2.1424,0.000963,0.0037
4080,2.1418,0.000966,0.00365
4090,2.1413,0.00097,0.0037
4100,2.1407,0.000973,0.00365
4110,2.1401,0.000977,0.0036
4120,2.1396,0.00098,0.0036
4130,2.139,0.000983,0.00355
4140,2.1384,0.000987,0.0035
4150,2.1378,0.00099,0.0035
4160,2.1373,0.000994,0.00345
4170,2.1367,0.000997,0.00345
4180,2.1361,0.001,0.0034
4190,2.1356,0.001,0.0034
4200,2.135,0.00101,0.00335
4210,2.1344,0.00101,0.00335
4220,2.1338,0.00101,0.0033
4230,2.1333,0.00102,0.00325
4240,2.1327,0.00102,0.00325
4250,2.1321,0.00102,0.0032
4260,2.1315,0.00103,0.0032
4270,2.1309,0.00103,0.00315
4280,2.1304,0.00103,0.00315
4290,2.1298,0.00104,0.0031
4300,2.1292,0.00104,0.0031
4310,2.1286,0.00104,0.00305
4320,2.128,0.00105,0.00305
4330,2.1275,0.00105,0.003
4340,2.1269,0.00105,0.003
4350,2.1263,0.00106,0.00295
4360,2.1257,0.00106,0.00295
4370,2.1251,0.00106,0.00285
4380,2.1245,0.00106,0.00285
4390,2.124,0.00107,0.0028
4400,2.1234,0.00107,0.0028
4410,2.1228,0.00107,0.00275
4420,2.1222,0.00108,0.00275
4430,2.1216,0.00108,0.0027
4440,2.121,0.00108,0.0027
4450,2.1204,0.00109,0.00265
4460,2.1199,0.00109,0.0026
4470,2.1193,0.00109,0.0026
4480,2.1187,0.00109,0.00255
4490,2.1181,0.0011,0.00255
4500,2.1175,0.0011,0.0025
4510,2.1169,0.0011,0.0025
4520,2.1163,0.00111,0.00245
4530,2.1157,0.00111,0.0024
4540,2.1152,0.00111,0.00235
4550,2.1146,0.00111,0.00235
4560,2.114,0.00112,0.0023
4570,2.1134,0.00112,0.0023
4580,2.1128,0.00112,0.0023
4590,2.1122,0.00113,0.0022
4600,2.1116,0.00113,0.0022
4610,2.111,0.00113,0.00215
4620,2.1104,0.00113,0.00215
4630,2.1099,0.00114,0.0021
4640,2.1093,0.00114,0.0021
4650,2.1087,0.00114,0.002
4660,2.1081,0.00114,0.002
4670,2.1075,0.00115,0.00195
4680,2.1069,0.00115,0.00195
4690,2.1063,0.00115,0.00195
4700,2.1057,0.00116,0.0019
4710,2.1051,0.00116,0.00185
4720,2.1045,0.00116,0.0018
4730,2.104,0.00116,0.0018
4740,2.1034,0.00117,0.00175
4750,2.1028,0.00117,0.00175
4760,2.1022,0.00117,0.0017
4770,2.1016,0.00117,0.00165
4780,2.101,0.00118,0.0016
4790,2.1004,0.00118,0.0016
4800,2.0998,0.00118,0.0016
4810,2.0992,0.00118,0.00155
4820,2.0987,0.00119,0.0015
4830,2.0981,0.00119,0.00145
4840,2.0975,0.00119,0.00145
4850,2.0969,0.00119,0.0014
4860,2.0963,0.0012,0.0014
4870,2.0957,0.0012,0.00135
4880,2.0951,0.0012,0.0013
4890,2.0945,0.0012,0.00125
4900,2.0939,0.00121,0.00125
4910,2.0934,0.00121,0.0012
4920,2.0928,0.00121,0.0012
4930,2.0922,0.00121,0.00115
4940,2.0916,0.00121,0.0011
4950,2.091,0.00122,0.00105
4960,2.0904,0.00122,0.00105
4970,2.0898,0.00122,0.001
4980,2.0893,0.00122,0.001
4990,2.0887,0.00123,0.00095
5000,2.0881,0.00123,0.00095
5010,2.0875,0.00123,0.00085
5020,2.0869,0.00123,0.00085
5030,2.0863,0.00123,0.0008
5040,2.0857,0.00124,0.0008
5050,2.0852,0.00124,0.00075
5060,2.0846,0.00124,0.00075
5070,2.084,0.00124,0.0007
5080,2.0834,0.00125,0.00065
5090,2.0828,0.00125,0.0006
5100,2.0822,0.00125,0.0006
5110,2.0817,0.00125,0.00055
5120,2.0811,0.00125,0.0005
5130,2.0805,0.00126,0.0005
5140,2.0799,0.00126,0.00045
5150,2.0793,0.00126,0.00045
5160,2.0787,0.00126,0.00045
5170,2.0782,0.00126,0.0004
5180,2.0776,0.00127,0.00035
5190,2.077,0.00127,0.00035
5250,2.076,0.00127,0.00035
