# SiO2 deposited by plasma-assisted reactive magnetron sputtering on a Buhler Leybold Optics HELIOS 800, Institut Fresnel, March 2026 campaign. Optical constants determined from the relative transmittance of the single-layer witnesses and published with Volet 1 (Optics Continuum). sigma_n is the half-width of the published uncertainty envelope. Beyond the last interference extremum, near 4840 nm, the index is no longer constrained by the fringe positions; see valid_range_nm in the study files. Never adjusted.
Wavelength_nm,n,k,sigma_n
252,1.5347,0.00146,0.0101
254,1.5334,0.00152,0.0101
256,1.5323,0.00155,0.01005
258,1.5313,0.00153,0.01005
260,1.5304,0.00149,0.00995
262,1.5296,0.00141,0.01
264,1.5288,0.00132,0.00995
266,1.528,0.00121,0.0099
268,1.5272,0.00109,0.0099
270,1.5264,0.000966,0.0099
272,1.5256,0.000852,0.0099
274,1.5247,0.000746,0.0099
276,1.5239,0.00065,0.0099
278,1.5232,0.000566,0.0099
280,1.5224,0.000493,0.00995
282,1.5216,0.00043,0.0099
284,1.5208,0.000376,0.00995
286,1.5201,0.00033,0.0099
288,1.5194,0.00029,0.00995
290,1.5187,0.000256,0.00995
292,1.518,0.000227,0.00995
294,1.5173,0.000201,0.00995
296,1.5166,0.000179,0.00995
298,1.5159,0.00016,0.00995
300,1.5153,0.000144,0.00995
302,1.5147,0.000129,0.00995
304,1.5141,0.000116,0.00995
306,1.5135,0.000105,0.00995
308,1.5129,9.51e-05,0.00995
310,1.5123,8.65e-05,0.0099
312,1.5117,7.88e-05,0.00995
314,1.5112,7.2e-05,0.00995
316,1.5106,6.6e-05,0.00995
318,1.5101,6.07e-05,0.0099
320,1.5096,5.59e-05,0.0099
322,1.5091,5.17e-05,0.0099
324,1.5086,4.79e-05,0.0099
326,1.5082,4.45e-05,0.00995
328,1.5077,4.14e-05,0.00995
330,1.5072,3.87e-05,0.0099
332,1.5068,3.62e-05,0.0099
334,1.5064,3.39e-05,0.00995
336,1.5059,3.19e-05,0.0099
338,1.5055,3e-05,0.0099
340,1.5051,2.83e-05,0.0099
342,1.5047,2.67e-05,0.0099
344,1.5043,2.53e-05,0.0099
346,1.504,2.4e-05,0.0099
348,1.5036,2.28e-05,0.0099
350,1.5032,2.17e-05,0.0099
352,1.5029,2.07e-05,0.0099
354,1.5025,1.98e-05,0.0099
356,1.5022,1.89e-05,0.00995
358,1.5019,1.81e-05,0.0099
360,1.5015,1.74e-05,0.0099
362,1.5012,1.67e-05,0.0099
364,1.5009,1.61e-05,0.00985
366,1.5006,1.55e-05,0.00985
368,1.5003,1.49e-05,0.00985
370,1.5,1.44e-05,0.00985
372,1.4997,1.39e-05,0.00985
374,1.4994,1.35e-05,0.00985
376,1.4991,1.31e-05,0.0099
378,1.4989,1.27e-05,0.0099
380,1.4986,1.23e-05,0.00985
382,1.4983,1.2e-05,0.00985
384,1.4981,1.16e-05,0.0099
386,1.4978,1.13e-05,0.00985
388,1.4976,1.11e-05,0.0099
390,1.4973,1.08e-05,0.00985
392,1.4971,1.05e-05,0.00985
394,1.4968,1.03e-05,0.00985
396,1.4966,1.01e-05,0.00985
398,1.4964,9.87e-06,0.00985
400,1.4961,9.67e-06,0.00985
405,1.4956,9.23e-06,0.00985
410,1.4951,8.84e-06,0.0098
415,1.4946,8.51e-06,0.0098
420,1.4941,8.22e-06,0.0098
425,1.4936,7.98e-06,0.00985
430,1.4932,7.76e-06,0.0098
435,1.4927,7.58e-06,0.0098
440,1.4923,7.42e-06,0.00975
445,1.4919,7.29e-06,0.00975
450,1.4915,7.17e-06,0.00975
455,1.4911,7.08e-06,0.00975
460,1.4908,7e-06,0.00975
465,1.4904,6.94e-06,0.00975
470,1.4901,6.89e-06,0.00975
475,1.4897,6.86e-06,0.0097
480,1.4894,6.84e-06,0.0097
485,1.4891,6.82e-06,0.0097
490,1.4888,6.82e-06,0.0097
495,1.4885,6.83e-06,0.00965
500,1.4882,6.85e-06,0.0097
505,1.4879,6.88e-06,0.0097
510,1.4877,6.91e-06,0.00965
515,1.4874,6.95e-06,0.00965
520,1.4872,7e-06,0.0096
525,1.4869,7.06e-06,0.00965
530,1.4867,7.12e-06,0.0096
535,1.4864,7.19e-06,0.0096
540,1.4862,7.26e-06,0.0096
545,1.486,7.34e-06,0.0096
550,1.4857,7.43e-06,0.0096
555,1.4855,7.52e-06,0.00955
560,1.4853,7.62e-06,0.00955
565,1.4851,7.72e-06,0.00955
570,1.4849,7.83e-06,0.00955
575,1.4847,7.95e-06,0.00955
580,1.4845,8.06e-06,0.00955
585,1.4843,8.19e-06,0.00955
590,1.4841,8.32e-06,0.0095
595,1.4839,8.45e-06,0.0095
600,1.4838,8.59e-06,0.0095
605,1.4836,8.73e-06,0.00945
610,1.4834,8.88e-06,0.00945
615,1.4832,9.03e-06,0.0095
620,1.4831,9.19e-06,0.00945
625,1.4829,9.35e-06,0.00945
630,1.4827,9.52e-06,0.0094
635,1.4826,9.69e-06,0.00945
640,1.4824,9.87e-06,0.0094
645,1.4823,1e-05,0.0094
650,1.4821,1.02e-05,0.0094
655,1.482,1.04e-05,0.0094
660,1.4818,1.06e-05,0.0094
665,1.4817,1.08e-05,0.00935
670,1.4816,1.1e-05,0.0094
675,1.4814,1.12e-05,0.00935
680,1.4813,1.14e-05,0.00935
685,1.4811,1.16e-05,0.0093
690,1.481,1.19e-05,0.00935
695,1.4809,1.21e-05,0.0093
700,1.4808,1.23e-05,0.0093
705,1.4806,1.26e-05,0.0093
710,1.4805,1.28e-05,0.00925
715,1.4804,1.3e-05,0.0093
720,1.4803,1.33e-05,0.0093
725,1.4801,1.35e-05,0.00925
730,1.48,1.38e-05,0.00925
735,1.4799,1.41e-05,0.00925
740,1.4798,1.43e-05,0.00925
745,1.4797,1.46e-05,0.0092
750,1.4796,1.49e-05,0.0092
755,1.4795,1.51e-05,0.0092
760,1.4793,1.54e-05,0.0092
765,1.4792,1.57e-05,0.0092
770,1.4791,1.6e-05,0.0092
775,1.479,1.63e-05,0.00915
780,1.4789,1.66e-05,0.00915
785,1.4788,1.69e-05,0.00915
790,1.4787,1.72e-05,0.00915
795,1.4786,1.75e-05,0.00915
800,1.4785,1.79e-05,0.00915
805,1.4784,1.82e-05,0.00915
810,1.4783,1.85e-05,0.00915
815,1.4782,1.88e-05,0.00915
820,1.4781,1.92e-05,0.0091
825,1.478,1.95e-05,0.0091
830,1.478,1.99e-05,0.0091
835,1.4779,2.02e-05,0.0091
840,1.4778,2.06e-05,0.0091
845,1.4777,2.09e-05,0.0091
850,1.4776,2.13e-05,0.0091
855,1.4775,2.17e-05,0.00905
860,1.4774,2.2e-05,0.00905
865,1.4773,2.24e-05,0.00905
870,1.4772,2.28e-05,0.00905
875,1.4772,2.32e-05,0.009
880,1.4771,2.36e-05,0.009
885,1.477,2.4e-05,0.009
890,1.4769,2.44e-05,0.009
895,1.4768,2.48e-05,0.009
900,1.4768,2.52e-05,0.009
905,1.4767,2.56e-05,0.009
910,1.4766,2.6e-05,0.009
915,1.4765,2.64e-05,0.00895
920,1.4764,2.68e-05,0.00895
925,1.4764,2.73e-05,0.009
930,1.4763,2.77e-05,0.00895
935,1.4762,2.81e-05,0.00895
940,1.4761,2.86e-05,0.00895
945,1.4761,2.9e-05,0.00895
950,1.476,2.95e-05,0.0089
955,1.4759,2.99e-05,0.00895
960,1.4759,3.04e-05,0.0089
965,1.4758,3.09e-05,0.0089
970,1.4757,3.13e-05,0.0089
975,1.4756,3.18e-05,0.0089
980,1.4756,3.23e-05,0.0089
985,1.4755,3.28e-05,0.0089
990,1.4754,3.32e-05,0.00885
995,1.4754,3.37e-05,0.0089
1000,1.4753,3.42e-05,0.0089
1005,1.4752,3.47e-05,0.00885
1010,1.4752,3.52e-05,0.00885
1015,1.4751,3.57e-05,0.00885
1020,1.4751,3.62e-05,0.00885
1025,1.475,3.68e-05,0.0088
1030,1.4749,3.73e-05,0.00885
1035,1.4749,3.78e-05,0.00885
1040,1.4748,3.83e-05,0.0088
1045,1.4747,3.89e-05,0.00885
1050,1.4747,3.94e-05,0.0088
1055,1.4746,3.99e-05,0.0088
1060,1.4746,4.05e-05,0.0088
1065,1.4745,4.1e-05,0.0088
1070,1.4744,4.16e-05,0.00875
1075,1.4744,4.21e-05,0.0088
1080,1.4743,4.27e-05,0.0088
1085,1.4743,4.32e-05,0.00875
1090,1.4742,4.38e-05,0.0088
1095,1.4742,4.44e-05,0.00875
1100,1.4741,4.49e-05,0.00875
1105,1.474,4.55e-05,0.00875
1110,1.474,4.61e-05,0.00875
1115,1.4739,4.67e-05,0.00875
1120,1.4739,4.73e-05,0.00875
1125,1.4738,4.79e-05,0.0087
1130,1.4738,4.85e-05,0.00875
1135,1.4737,4.91e-05,0.0087
1140,1.4737,4.97e-05,0.00875
1145,1.4736,5.03e-05,0.0087
1150,1.4736,5.09e-05,0.0087
1155,1.4735,5.15e-05,0.0087
1160,1.4735,5.21e-05,0.00865
1165,1.4734,5.27e-05,0.0087
1170,1.4734,5.33e-05,0.00865
1175,1.4733,5.4e-05,0.0087
1180,1.4733,5.46e-05,0.00865
1185,1.4732,5.52e-05,0.0087
1190,1.4732,5.59e-05,0.00865
1195,1.4731,5.65e-05,0.00865
1200,1.4731,5.72e-05,0.00865
1210,1.473,5.85e-05,0.00865
1220,1.4729,5.98e-05,0.00865
1230,1.4728,6.11e-05,0.00865
1240,1.4727,6.24e-05,0.00865
1250,1.4726,6.38e-05,0.0086
1260,1.4725,6.51e-05,0.0086
1270,1.4724,6.65e-05,0.0086
1280,1.4723,6.79e-05,0.0086
1290,1.4722,6.93e-05,0.0086
1300,1.4722,7.07e-05,0.00855
1310,1.4721,7.21e-05,0.00855
1320,1.472,7.36e-05,0.00855
1330,1.4719,7.5e-05,0.00855
1340,1.4718,7.65e-05,0.0085
1350,1.4717,7.79e-05,0.0085
1360,1.4717,7.94e-05,0.0085
1370,1.4716,8.09e-05,0.0085
1380,1.4715,8.24e-05,0.0085
1390,1.4714,8.39e-05,0.0085
1400,1.4714,8.54e-05,0.0085
1410,1.4713,8.69e-05,0.00845
1420,1.4712,8.85e-05,0.00845
1430,1.4711,9e-05,0.00845
1440,1.471,9.16e-05,0.00845
1450,1.471,9.32e-05,0.00845
1460,1.4709,9.47e-05,0.00845
1470,1.4708,9.63e-05,0.00845
1480,1.4707,9.79e-05,0.0084
1490,1.4706,9.95e-05,0.0084
1500,1.4705,0.000101,0.0084
1510,1.4705,0.000103,0.0084
1520,1.4704,0.000104,0.0084
1530,1.4703,0.000106,0.0084
1540,1.4702,0.000108,0.0084
1550,1.4701,0.000109,0.00835
1560,1.47,0.000111,0.00835
1570,1.4699,0.000113,0.00835
1580,1.4698,0.000114,0.00835
1590,1.4697,0.000116,0.0083
1600,1.4696,0.000118,0.0083
1610,1.4694,0.000119,0.0083
1620,1.4693,0.000121,0.0083
1630,1.4692,0.000123,0.00835
1640,1.4691,0.000125,0.0083
1650,1.469,0.000126,0.0083
1660,1.4689,0.000128,0.0083
1670,1.4687,0.00013,0.00825
1680,1.4686,0.000132,0.00825
1690,1.4685,0.000133,0.0083
1700,1.4683,0.000135,0.00825
1710,1.4682,0.000137,0.00825
1720,1.4681,0.000139,0.0082
1730,1.4679,0.000141,0.00825
1740,1.4678,0.000142,0.0082
1750,1.4677,0.000144,0.0082
1760,1.4675,0.000146,0.0082
1770,1.4674,0.000148,0.0082
1780,1.4672,0.00015,0.0082
1790,1.4671,0.000152,0.0082
1800,1.4669,0.000153,0.00815
1810,1.4668,0.000155,0.00815
1820,1.4666,0.000157,0.00815
1830,1.4665,0.000159,0.00815
1840,1.4663,0.000161,0.0081
1850,1.4661,0.000163,0.00815
1860,1.466,0.000165,0.00815
1870,1.4658,0.000166,0.0081
1880,1.4656,0.000168,0.0081
1890,1.4655,0.00017,0.0081
1900,1.4653,0.000172,0.0081
1910,1.4651,0.000174,0.0081
1920,1.465,0.000176,0.00805
1930,1.4648,0.000178,0.00805
1940,1.4646,0.00018,0.00805
1950,1.4644,0.000182,0.00805
1960,1.4643,0.000184,0.00805
1970,1.4641,0.000186,0.00805
1980,1.4639,0.000188,0.008
1990,1.4637,0.000189,0.008
2000,1.4635,0.000191,0.008
2010,1.4634,0.000193,0.008
2020,1.4632,0.000195,0.008
2030,1.463,0.000197,0.00795
2040,1.4628,0.000199,0.00795
2050,1.4626,0.000201,0.00795
2060,1.4624,0.000203,0.00795
2070,1.4622,0.000205,0.00795
2080,1.462,0.000207,0.00795
2090,1.4618,0.000209,0.0079
2100,1.4616,0.000211,0.0079
2110,1.4614,0.000213,0.0079
2120,1.4613,0.000215,0.0079
2130,1.4611,0.000217,0.0079
2140,1.4609,0.000219,0.0079
2150,1.4607,0.000221,0.0079
2160,1.4605,0.000223,0.00785
2170,1.4603,0.000225,0.00785
2180,1.4601,0.000227,0.00785
2190,1.4599,0.000229,0.00785
2200,1.4597,0.000231,0.00785
2210,1.4594,0.000233,0.00785
2220,1.4592,0.000235,0.00785
2230,1.459,0.000237,0.00785
2240,1.4588,0.000239,0.0078
2250,1.4586,0.000241,0.0078
2260,1.4584,0.000243,0.0078
2270,1.4582,0.000246,0.0078
2280,1.458,0.000248,0.0078
2290,1.4578,0.00025,0.0078
2300,1.4576,0.000252,0.00775
2310,1.4574,0.000254,0.00775
2320,1.4572,0.000256,0.00775
2330,1.457,0.000258,0.00775
2340,1.4568,0.00026,0.00775
2350,1.4566,0.000262,0.0077
2360,1.4563,0.000264,0.0077
2370,1.4561,0.000266,0.0077
2380,1.4559,0.000268,0.0077
2390,1.4557,0.00027,0.00765
2400,1.4555,0.000272,0.00765
2410,1.4553,0.000274,0.00765
2420,1.4551,0.000276,0.00765
2430,1.4549,0.000279,0.00765
2440,1.4547,0.000281,0.0076
2450,1.4544,0.000283,0.0076
2460,1.4542,0.000285,0.0076
2470,1.454,0.000287,0.0076
2480,1.4538,0.000289,0.00755
2490,1.4536,0.000291,0.0076
2500,1.4534,0.000293,0.0076
2510,1.4532,0.000295,0.0076
2520,1.4529,0.000297,0.00755
2530,1.4527,0.000299,0.00755
2540,1.4525,0.000301,0.00755
2550,1.4523,0.000304,0.00755
2560,1.4521,0.000306,0.00755
2570,1.4519,0.000308,0.0075
2580,1.4517,0.00031,0.0075
2590,1.4515,0.000312,0.0075
2600,1.4512,0.000314,0.0075
2610,1.451,0.000316,0.00745
2620,1.4508,0.000318,0.00745
2630,1.4506,0.00032,0.0075
2640,1.4504,0.000322,0.0075
2650,1.4502,0.000324,0.00745
2660,1.45,0.000327,0.00745
2670,1.4498,0.000329,0.00745
2680,1.4495,0.000331,0.00745
2690,1.4493,0.000333,0.0074
2700,1.4491,0.000335,0.0074
2710,1.4489,0.000337,0.0074
2720,1.4487,0.000339,0.0074
2730,1.4485,0.000341,0.0074
2740,1.4483,0.000343,0.00735
2750,1.4481,0.000345,0.00735
2760,1.4478,0.000348,0.00735
2770,1.4476,0.00035,0.00735
2780,1.4474,0.000352,0.0074
2790,1.4472,0.000354,0.00735
2800,1.447,0.000356,0.00735
2810,1.4468,0.000358,0.00735
2820,1.4466,0.00036,0.00735
2830,1.4464,0.000362,0.0073
2840,1.4462,0.000364,0.0073
2850,1.446,0.000366,0.0073
2860,1.4457,0.000369,0.0073
2870,1.4455,0.000371,0.0073
2880,1.4453,0.000373,0.0073
2890,1.4451,0.000375,0.00725
2900,1.4449,0.000377,0.00725
2910,1.4447,0.000379,0.00725
2920,1.4445,0.000381,0.00725
2930,1.4443,0.000383,0.00725
2940,1.4441,0.000385,0.0072
2950,1.4439,0.000387,0.0072
2960,1.4437,0.000389,0.0072
2970,1.4435,0.000392,0.0072
2980,1.4433,0.000394,0.0072
2990,1.4431,0.000396,0.0072
3000,1.4429,0.000398,0.0072
3010,1.4426,0.0004,0.00715
3020,1.4424,0.000402,0.00715
3030,1.4422,0.000404,0.00715
3040,1.442,0.000406,0.00715
3050,1.4418,0.000408,0.00715
3060,1.4416,0.00041,0.00715
3070,1.4414,0.000412,0.00715
3080,1.4412,0.000414,0.00715
3090,1.441,0.000417,0.0071
3100,1.4408,0.000419,0.0071
3110,1.4406,0.000421,0.0071
3120,1.4404,0.000423,0.0071
3130,1.4402,0.000425,0.0071
3140,1.44,0.000427,0.0071
3150,1.4398,0.000429,0.0071
3160,1.4396,0.000431,0.0071
3170,1.4394,0.000433,0.00705
3180,1.4392,0.000435,0.00705
3190,1.439,0.000437,0.00705
3200,1.4388,0.000439,0.007
3210,1.4386,0.000441,0.007
3220,1.4384,0.000443,0.007
3230,1.4382,0.000446,0.007
3240,1.438,0.000448,0.007
3250,1.4379,0.00045,0.007
3260,1.4377,0.000452,0.007
3270,1.4375,0.000454,0.007
3280,1.4373,0.000456,0.007
3290,1.4371,0.000458,0.00695
3300,1.4369,0.00046,0.00695
3310,1.4367,0.000462,0.00695
3320,1.4365,0.000464,0.00695
3330,1.4363,0.000466,0.00695
3340,1.4361,0.000468,0.00695
3350,1.4359,0.00047,0.00695
3360,1.4357,0.000472,0.00695
3370,1.4355,0.000474,0.0069
3380,1.4353,0.000476,0.0069
3390,1.4352,0.000478,0.0069
3400,1.435,0.00048,0.0069
3410,1.4348,0.000482,0.0069
3420,1.4346,0.000484,0.0069
3430,1.4344,0.000486,0.00685
3440,1.4342,0.000488,0.00685
3450,1.434,0.000491,0.00685
3460,1.4338,0.000493,0.00685
3470,1.4337,0.000495,0.00685
3480,1.4335,0.000497,0.00685
3490,1.4333,0.000499,0.0068
3500,1.4331,0.000501,0.0068
3510,1.4329,0.000503,0.00685
3520,1.4327,0.000505,0.00685
3530,1.4325,0.000507,0.00685
3540,1.4324,0.000509,0.0068
3550,1.4322,0.000511,0.0068
3560,1.432,0.000513,0.0068
3570,1.4318,0.000515,0.0068
3580,1.4316,0.000517,0.00675
3590,1.4315,0.000519,0.00675
3600,1.4313,0.000521,0.00675
3610,1.4311,0.000523,0.00675
3620,1.4309,0.000525,0.0068
3630,1.4307,0.000527,0.00675
3640,1.4306,0.000529,0.00675
3650,1.4304,0.000531,0.00675
3660,1.4302,0.000533,0.0067
3670,1.43,0.000535,0.0067
3680,1.4298,0.000537,0.0067
3690,1.4297,0.000539,0.00675
3700,1.4295,0.000541,0.0067
3710,1.4293,0.000543,0.0067
3720,1.4291,0.000545,0.0067
3730,1.429,0.000547,0.0067
3740,1.4288,0.000548,0.00665
3750,1.4286,0.00055,0.0067
3760,1.4284,0.000552,0.0067
3770,1.4283,0.000554,0.00665
3780,1.4281,0.000556,0.00665
3790,1.4279,0.000558,0.00665
3800,1.4278,0.00056,0.00665
3810,1.4276,0.000562,0.00665
3820,1.4274,0.000564,0.00665
3830,1.4272,0.000566,0.0066
3840,1.4271,0.000568,0.0066
3850,1.4269,0.00057,0.00665
3860,1.4267,0.000572,0.0066
3870,1.4266,0.000574,0.0066
3880,1.4264,0.000576,0.0066
3890,1.4262,0.000578,0.0066
3900,1.4261,0.00058,0.0066
3910,1.4259,0.000582,0.0066
3920,1.4257,0.000584,0.00655
3930,1.4256,0.000585,0.0066
3940,1.4254,0.000587,0.00655
3950,1.4252,0.000589,0.00655
3960,1.4251,0.000591,0.00655
3970,1.4249,0.000593,0.00655
3980,1.4247,0.000595,0.00655
3990,1.4246,0.000597,0.0065
4000,1.4244,0.000599,0.00655
4010,1.4243,0.000601,0.00655
4020,1.4241,0.000603,0.0065
4030,1.4239,0.000605,0.0065
4040,1.4238,0.000607,0.0065
4050,1.4236,0.000608,0.0065
4060,1.4234,0.00061,0.0065
4070,1.4233,0.000612,0.0065
4080,1.4231,0.000614,0.0065
4090,1.423,0.000616,0.00645
4100,1.4228,0.000618,0.0065
4110,1.4226,0.00062,0.00645
4120,1.4225,0.000622,0.00645
4130,1.4223,0.000624,0.00645
4140,1.4222,0.000625,0.00645
4150,1.422,0.000627,0.0064
4160,1.4219,0.000629,0.00645
4170,1.4217,0.000631,0.00645
4180,1.4215,0.000633,0.00645
4190,1.4214,0.000635,0.00645
4200,1.4212,0.000637,0.0064
4210,1.4211,0.000639,0.00645
4220,1.4209,0.00064,0.0064
4230,1.4208,0.000642,0.00645
4240,1.4206,0.000644,0.0064
4250,1.4205,0.000646,0.0064
4260,1.4203,0.000648,0.0064
4270,1.4202,0.00065,0.0064
4280,1.42,0.000651,0.0064
4290,1.4199,0.000653,0.00635
4300,1.4197,0.000655,0.00635
4310,1.4196,0.000657,0.00635
4320,1.4194,0.000659,0.00635
4330,1.4193,0.000661,0.00635
4340,1.4191,0.000662,0.00635
4350,1.419,0.000664,0.00635
4360,1.4188,0.000666,0.00635
4370,1.4187,0.000668,0.0063
4380,1.4185,0.00067,0.00635
4390,1.4184,0.000672,0.0063
4400,1.4182,0.000673,0.0063
4410,1.4181,0.000675,0.0063
4420,1.4179,0.000677,0.0063
4430,1.4178,0.000679,0.0063
4440,1.4176,0.000681,0.0063
4450,1.4175,0.000682,0.0063
4460,1.4173,0.000684,0.0063
4470,1.4172,0.000686,0.00625
4480,1.4171,0.000688,0.0063
4490,1.4169,0.00069,0.00625
4500,1.4168,0.000691,0.0063
4510,1.4166,0.000693,0.00625
4520,1.4165,0.000695,0.00625
4530,1.4163,0.000697,0.00625
4540,1.4162,0.000699,0.00625
4550,1.4161,0.0007,0.00625
4560,1.4159,0.000702,0.00625
4570,1.4158,0.000704,0.0062
4580,1.4156,0.000706,0.00625
4590,1.4155,0.000707,0.0062
4600,1.4154,0.000709,0.0062
4610,1.4152,0.000711,0.00625
4620,1.4151,0.000713,0.0062
4630,1.4149,0.000714,0.00625
4640,1.4148,0.000716,0.0062
4650,1.4147,0.000718,0.0062
4660,1.4145,0.00072,0.0062
4670,1.4144,0.000721,0.0062
4680,1.4143,0.000723,0.00615
4690,1.4141,0.000725,0.0062
4700,1.414,0.000727,0.0062
4710,1.4139,0.000728,0.00615
4720,1.4137,0.00073,0.0062
4730,1.4136,0.000732,0.00615
4740,1.4134,0.000734,0.00615
4750,1.4133,0.000735,0.00615
4760,1.4132,0.000737,0.00615
4770,1.413,0.000739,0.00615
4780,1.4129,0.000741,0.0061
4790,1.4128,0.000742,0.00615
4800,1.4127,0.000744,0.00615
4810,1.4125,0.000746,0.0061
4820,1.4124,0.000747,0.00615
4830,1.4123,0.000749,0.00615
4840,1.4121,0.000751,0.0061
4850,1.412,0.000753,0.0061
4860,1.4119,0.000754,0.00615
4870,1.4117,0.000756,0.0061
4880,1.4116,0.000758,0.0061
4890,1.4115,0.000759,0.0061
4900,1.4113,0.000761,0.00615
4910,1.4112,0.000763,0.0061
4920,1.4111,0.000764,0.0061
4930,1.411,0.000766,0.0061
4940,1.4108,0.000768,0.0061
4950,1.4107,0.000769,0.0061
4960,1.4106,0.000771,0.0061
4970,1.4105,0.000773,0.0061
5250,1.407,0.00078,
