# Six-layer antireflection coating, run 260317-034, on silicon with the rear face ground. Reflectance at 8 degrees, no polarizer, in percent. EssentOptics PHOTON RT SN 38425, 17 March 2026 15:45, 220 um slit. R_a_pct is column 'R-8-avg-noBK' of the campaign workbook, which is acquisition '260317-034 depoli'; R_a_run1_pct is '260316-ARC-Run1', a second acquisition of the same coating made on 16 March over 1000-5200 nm at 5 nm, resampled here onto the grid of the first. A ground rear face scatters the return of the second interface out of the collected beam, which is what isolates the response of the front face and what the 'noBK' marker records.
Wavelength_nm,R_a_pct,R_a_run1_pct
1500.05,54.1721,54.48337063
1509.98,53.7605,53.96501438
1520,52.8009,52.91085917
1529.95,51.3039,51.32747646
1540.04,49.2475,49.16372632
1549.95,46.6131,46.43096528
1559.95,43.3694,43.08100413
1570,39.5257,39.12375363
1580.01,35.1233,34.61117263
1589.98,30.3314,29.73791036
1599.99,25.1941,24.49212575
1609.97,19.8786,19.12758051
1619.99,14.7627,14.02157488
1630.04,10.1582,9.412216697
1640.02,6.3479,5.691880005
1649.98,3.655,3.108868384
1659.99,2.163,1.732999387
1669.97,1.8412,1.525413268
1680.02,2.506,2.277644475
1689.98,3.8938,3.721464819
1700.03,5.7417,5.602521755
1710.01,7.7523,7.614713207
1720.02,9.7444,9.59997256
1729.95,11.5306,11.33654031
1739.99,13.0047,12.76515257
1749.96,14.0783,13.78135984
1760.02,14.7107,14.34889845
1770.03,14.8967,14.46774941
1779.95,14.6259,14.14078594
1789.96,13.9338,13.39152911
1800.01,12.8425,12.2455228
1809.96,11.3941,10.76138921
1819.96,9.6635,9.016383186
1829.96,7.7407,7.100058594
1840.01,5.7343,5.133134556
1850.03,3.8432,3.308284893
1860,2.1856,1.749887576
1870,0.9447,0.6517975071
1879.96,0.2674,0.1292828613
1889.95,0.2849,0.3407089223
1899.97,1.1241,1.356381806
1910.03,2.7652,3.184433261
1919.99,5.2162,5.798428651
1930.01,8.3263,9.017848024
1939.99,11.9091,12.70791787
1950.04,15.894,16.73222954
1960,20.0135,20.84400989
1970.02,24.205,25.03990391
1979.95,28.3138,29.12124289
1990.02,32.2829,33.02206683
2000.04,36.0789,36.7741603
2009.96,39.5363,40.15383748
2019.95,42.6618,43.21057025
2030.02,45.5165,45.97791889
2040.03,48.054,48.45678824
2050.05,50.3012,50.63933182
2060.01,52.2992,52.59074009
2069.99,54.0598,54.28255756
2080,55.5806,55.76033123
2089.98,56.9074,57.02445203
2099.97,58.0208,58.09957398
2110.04,58.9513,58.98743365
2119.97,59.6844,59.68919843
2129.95,60.2812,60.23897397
2140.02,60.7242,60.64086023
2150.03,61.0344,60.912801
2159.95,61.2009,61.03702584
2170.01,61.2326,61.04911998
2180.05,61.1529,60.9307342
2190.01,60.9429,60.68913802
2199.95,60.6161,60.32215273
2209.96,60.1689,59.84925664
2220,59.6125,59.26295869
2230.02,58.9504,58.57346878
2239.96,58.1524,57.74637034
2250.03,57.253,56.80960003
2260.03,56.2261,55.7595229
2270.02,55.0786,54.58910683
2279.96,53.8375,53.31396948
2289.98,52.4708,51.91191708
2299.96,51.0066,50.42105885
2309.96,49.4216,48.79820474
2320.02,47.6855,47.0554296
2330,45.8879,45.22574949
2339.99,43.961,43.26173902
2350.04,41.9002,41.17754774
2360,39.7987,39.05363425
2370.03,37.5709,36.82244841
2380.03,35.3203,34.5610025
2389.97,33.0248,32.24
2400.03,30.6308,29.85104087
2410.02,28.2334,27.47123731
2420.02,25.8449,25.08818711
2430.04,23.4286,22.70180358
2440.04,21.0723,20.35547975
2450.01,18.9431,18.27057656
2460,16.7079,16.06208735
2470.01,14.586,13.98399763
2480.04,12.5589,12.0158581
2490.09,10.6675,10.19489343
2499.92,9.0057,8.601675176
2509.98,7.4481,7.115030922
2520.03,6.0937,5.811105232
2530.07,5.0336,4.705218915
2540.09,3.9128,3.777294084
2550.09,3.1466,2.981928154
2560.06,2.4558,2.280417259
2570.01,1.9464,2.134175795
2579.93,1.6035,1.735282541
2590.07,1.3628,1.354356187
2599.98,1.226,1.415646069
2610.11,1.1677,1.484732552
2620.03,1.381,1.464429513
2629.97,1.4354,1.779838371
2639.93,1.7689,2.071117791
2649.91,2.0374,2.275861945
2659.91,2.2604,2.566390484
2669.93,2.6327,2.921074985
2679.95,2.9472,3.257816924
2689.99,3.2373,3.617231511
2700.01,3.7361,3.929685955
2710.03,4.0096,4.337638217
2720.02,4.4316,4.632398576
2730,4.7157,4.938079958
2739.94,4.9828,5.221861017
2750.09,5.196,5.395727489
2759.99,5.3373,5.588761312
2770.1,5.576,5.794950669
2779.98,5.7495,6.048603068
2790.09,5.8813,6.202831242
2799.98,6.0386,6.279180594
2810.11,6.2567,6.686982765
2820.03,6.2294,6.476684011
2829.98,6.2249,6.745944651
2839.95,6.27,6.763037699
2849.94,6.1558,6.635712815
2859.94,6.156,6.686371392
2869.94,5.9934,6.510475629
2879.94,5.7664,6.461382398
2889.93,5.646,6.329991811
2899.89,5.4158,5.923109242
2910.06,5.3671,5.8147
2919.98,5.0693,5.515055091
2930.1,4.9552,5.31820824
2939.97,4.6307,4.960395312
2950.05,4.3434,4.699092546
2959.9,4.194,4.345105415
2969.98,3.8816,3.802658368
2980.06,3.7201,3.640752217
2989.93,3.3784,3.41458109
3000.05,3.1001,3.124664636
3009.97,2.8624,2.857336107
3019.91,2.6502,2.65949116
3030.09,2.5163,2.42290216
3040.06,2.2329,2.160182185
3050.03,1.847,1.953645614
3060,1.7197,1.720306494
3069.95,1.5184,1.591465847
3079.89,1.4229,1.227525556
3090.03,1.213,1.166284488
3099.92,1.0055,1.047611032
3110,0.805,0.8146865426
3120.07,0.6951,0.6407871631
3130.11,0.6122,0.5681514825
3139.93,0.5093,0.4095823568
3149.97,0.4267,0.3299377899
3160.02,0.4104,0.2939527228
3170.09,0.1307,0.1816426648
3179.95,0.0515,0.1090379277
3190.06,0.1539,0.0148822942
3199.96,0.0768,-0.01670152565
3210.11,0.0365,-0.07298061096
3220.05,0.086,-0.116293764
3229.98,0.0681,0.03754201873
3239.92,0.1047,-0.03554788072
3250.07,0.0236,0.01191127003
3259.97,0.1354,0.07824060697
3270.07,0.2522,0.08231749536
3279.92,0.0186,0.09042427142
3289.97,0.1872,0.1657511257
3300,0.2999,0.2487204787
3310.01,0.3627,0.2825481269
3320.02,0.3559,0.3559031716
3330.02,0.4712,0.4213035571
3340.04,0.4635,0.3742835055
3350.07,0.6771,0.57839926
3359.9,0.6425,0.5780476288
3369.98,0.5667,0.5527580663
3380.07,0.6462,0.6722523375
3389.96,0.8269,0.7105742429
3400.09,0.8958,0.7930834702
3409.99,1.0569,0.8213763143
3420.11,0.9359,1.079322047
3430,1.0875,1.007716844
3440.09,1.2818,1.045116497
3449.93,1.2182,1.107653537
3459.96,1.1796,1.170980386
3469.97,1.2936,1.197903941
3479.96,1.1895,1.280380876
3489.94,1.296,1.239056868
3499.9,1.3145,1.205455818
3510.1,1.3054,1.25478114
3520.08,1.2992,1.309970764
3530.07,1.3941,1.299137478
3540.09,1.3837,1.364295574
3549.91,1.4326,1.257351021
3559.97,1.4509,1.283403459
3570.05,1.4042,1.506746459
3579.91,1.5106,1.367831776
3590,1.3231,1.348625954
3600.08,1.4722,1.451842315
3609.93,1.612,1.350148541
3619.98,1.2558,1.335595373
3630,1.3753,1.335895121
3639.99,1.3193,1.297637067
3649.96,1.3454,1.210500908
3659.91,1.2425,1.272319312
3670.06,1.3034,1.124679786
3679.99,1.288,1.130950455
3689.92,1.1707,1.103254118
3700.08,0.9898,1.105032837
3710.04,1.1394,1.050649135
3720.03,1.0264,1.027865985
3730.03,0.9262,0.8712567482
3740.06,1.0165,0.8288466893
3750.1,1.0973,0.9785551927
3759.93,0.9813,0.8789334583
3769.98,0.779,0.7886729246
3780.02,0.855,0.7180637427
3790.04,0.8871,0.6569608495
3800.04,0.9547,0.7587103216
3810.01,0.6174,0.6192243283
3819.96,0.8436,0.5603819287
3830.1,0.6967,0.5915527315
3840,0.6824,0.6030986566
3850.11,0.6119,0.5631457967
3860,0.537,0.3413034289
3870.11,0.4224,0.4862934862
3880.02,0.4932,0.3922063419
3889.94,0.5425,0.3422850525
3900.11,0.4168,0.3032639713
3910.08,0.3963,0.432100018
3920.07,0.3209,0.3923344291
3930.08,0.4086,0.2064246266
3940.08,0.3224,0.3194530068
3950.09,0.4413,0.2489348941
3960.08,0.534,0.1228485182
3970.06,0.4197,0.1798114653
3980.01,0.2293,0.1847562074
3989.93,0.3465,0.4182577656
4000.04,0.2583,0.2045547631
