# Two-side-coated component: beam splitter run 260317-035 on the entrance face, antireflection run 260317-034 on the exit face, one polished silicon substrate. Reflectance at 45 degrees in s and p, in percent, acquisition 'BSplusAR260317-034-35' of 17 March 2026 16:38. Deposited as the example that exercises a two-sided sample; it is not one of the three components the article reports on.
Wavelength_nm,R_s_pct,R_p_pct,R_a_pct
1500,80.033,50.78,65.406
1510,85.479,61.116,73.297
1520,89.238,69.201,79.219
1530,91.715,75.02,83.368
1540,93.291,78.988,86.14
1550,94.301,81.561,87.931
1560,94.921,83.214,89.068
1570,95.309,84.075,89.692
1580,95.52,84.265,89.893
1590,95.574,83.854,89.714
1600,95.498,82.823,89.16
1610,95.26,81.113,88.187
1620,94.792,78.531,86.661
1630,94.026,74.996,84.511
1640,92.961,70.567,81.764
1650,91.44,65.666,78.553
1660,89.499,61.178,75.339
1670,87.463,58.236,72.849
1680,85.937,57.284,71.61
1690,85.457,58.019,71.738
1700,85.824,59.558,72.691
1710,86.604,61.011,73.808
1720,87.262,61.836,74.549
1730,87.528,61.744,74.636
1740,87.248,60.616,73.932
1750,86.384,58.373,72.378
1760,84.602,54.959,69.781
1770,81.654,50.669,66.161
1780,76.972,45.956,61.464
1790,69.866,41.448,55.657
1800,61.331,38.367,49.849
1810,55.094,37.693,46.393
1820,55.555,39.607,47.581
1830,62.117,43.376,52.747
1840,70.425,48.115,59.27
1850,77.023,52.59,64.806
1860,81.534,56.393,68.963
1870,84.519,59.364,71.941
1880,86.546,61.7,74.123
1890,87.759,63.071,75.415
1900,88.59,63.98,76.285
1910,88.964,64.19,76.577
1920,89.102,63.952,76.527
1930,88.877,63.125,76.001
1940,88.491,62.108,75.299
1950,87.923,60.852,74.387
1960,87.144,59.405,73.274
1970,86.185,57.955,72.07
1980,85.121,56.664,70.893
1990,83.943,55.594,69.769
2000,82.755,54.764,68.759
2010,81.699,54.304,68.001
2020,80.807,54.252,67.529
2030,80.138,54.443,67.291
2040,79.51,54.726,67.118
2050,78.922,54.955,66.939
2060,78.567,55.267,66.917
2070,78.17,55.653,66.912
2080,77.575,55.614,66.594
2090,77.157,55.814,66.486
2100,76.248,55.473,65.86
2110,75.62,55.381,65.501
2120,74.541,54.828,64.684
2130,73.547,54.359,63.953
2140,72.601,53.854,63.228
2150,71.464,52.991,62.228
2160,70.482,52.14,61.311
2170,69.774,51.307,60.541
2180,69.338,50.465,59.902
2190,69.023,49.477,59.25
2200,68.976,48.408,58.692
2210,69.065,47.332,58.199
2220,69.371,46.185,57.778
2230,69.758,45.005,57.382
2240,70.14,43.725,56.933
2250,70.505,42.361,56.433
2260,70.827,40.966,55.896
2270,71.083,39.599,55.341
2280,71.192,38.25,54.721
2290,71.212,36.825,54.018
2300,71.13,35.528,53.329
2310,70.899,34.275,52.587
2320,70.522,33.059,51.791
2330,70.175,32.124,51.15
2340,69.66,31.269,50.465
2350,69.049,30.661,49.855
2360,68.527,30.328,49.427
2370,67.896,30.105,49
2380,67.401,30.202,48.801
2390,66.886,30.379,48.632
2400,66.474,30.753,48.613
2410,66.219,31.289,48.754
2420,65.936,31.788,48.862
2430,65.828,32.436,49.132
2440,65.952,33.113,49.532
2450,65.94,33.727,49.833
2460,66.048,34.202,50.125
2470,66.282,34.708,50.495
2480,66.574,35.093,50.834
2490.1,66.875,35.421,51.148
2499.9,67.113,35.636,51.374
2510,67.333,35.717,51.525
2520,67.573,35.721,51.647
2530.1,67.932,35.832,51.882
2540.1,68.431,35.655,52.043
2550.1,68.472,35.924,52.198
2560.1,68.978,35.695,52.337
2570,69.003,35.057,52.03
2579.9,68.691,35.231,51.961
2590.1,68.583,35.112,51.848
2600,68.763,34.951,51.857
2610.1,68.643,34.551,51.597
2620,68.689,34.38,51.534
2630,68.26,34.649,51.454
2639.9,67.898,34.599,51.248
2649.9,67.742,35.184,51.463
2659.9,67.398,35.512,51.455
2669.9,67.315,35.751,51.533
2680,67.382,35.512,51.447
2690,66.45,35.926,51.188
2700,66.284,36.301,51.293
2710,65.971,36.5,51.235
2720,65.693,36.957,51.325
2730,65.119,37.144,51.131
2739.9,64.79,37.612,51.201
2750.1,63.841,38.217,51.029
2760,63.653,38.192,50.923
2770.1,63.09,38.295,50.693
2780,62.658,38.904,50.781
2790.1,62.088,38.834,50.461
2800,61.68,38.863,50.271
2810.1,61.469,38.756,50.113
2820,61.088,38.953,50.02
2830,60.504,39.421,49.962
2840,60.455,38.463,49.459
2849.9,60.536,38.421,49.478
2859.9,60.148,38.594,49.371
2869.9,60.409,38.249,49.329
2879.9,60.06,38.199,49.129
2889.9,60.122,38.249,49.185
2899.9,60.343,38.36,49.352
2910.1,60.814,37.822,49.318
2920,60.79,37.621,49.206
2930.1,61.178,37.572,49.375
2940,61.292,37.261,49.277
2950,61.646,37.311,49.478
2959.9,61.91,37.687,49.799
2970,62.537,36.89,49.713
2980.1,62.657,36.83,49.743
2989.9,62.935,36.788,49.862
3000,63.426,36.787,50.106
3010,63.507,36.82,50.163
3019.9,63.97,36.82,50.395
3030.1,64.576,36.879,50.727
3040.1,64.635,36.685,50.66
3050,64.785,36.999,50.892
3060,65.173,36.75,50.961
3070,64.653,37.026,50.84
3079.9,65.165,37.11,51.138
3090,64.861,37.241,51.051
3099.9,64.843,37.332,51.087
3110,64.97,37.318,51.144
3120.1,64.64,37.148,50.894
3130.1,64.677,37.315,50.996
3139.9,64.66,37.299,50.979
3150,64.659,37.233,50.946
3160,64.425,36.883,50.654
3170.1,64.267,36.751,50.509
3180,63.842,36.811,50.326
3190.1,63.38,36.29,49.835
3200,63.734,36.465,50.099
3210.1,63.707,36.279,49.993
3220,63.418,35.861,49.64
3230,63.121,35.711,49.416
3239.9,63.189,35.466,49.327
3250.1,63.341,34.996,49.169
3260,63.364,35.104,49.234
3270.1,63.392,34.25,48.821
3279.9,63.874,34.258,49.066
3290,63.559,33.867,48.713
3300,63.443,33.628,48.536
3310,64.22,33.68,48.95
3320,63.638,32.87,48.254
3330,63.863,32.223,48.043
3340,64.233,32.194,48.214
3350.1,64.333,31.787,48.06
3359.9,65.023,31.657,48.34
3370,65.665,31.33,48.497
3380.1,65.599,31.257,48.428
3390,66.139,30.924,48.531
3400.1,66.414,30.861,48.637
3410,66.042,30.908,48.475
3420.1,66.835,30.494,48.665
3430,67.27,30.54,48.905
3440.1,66.632,30.472,48.552
3449.9,67.512,30.902,49.207
3460,67.942,30.653,49.297
3470,67.498,30.761,49.129
3480,67.874,30.658,49.266
3489.9,67.607,31.268,49.438
3499.9,67.831,31.06,49.445
3510.1,67.339,31.733,49.536
3520.1,67.345,32.125,49.735
3530.1,67.269,32.273,49.771
3540.1,67.003,32.861,49.932
3549.9,67.665,32.653,50.159
3560,66.757,33.348,50.052
3570,66.723,33.486,50.105
3579.9,66.482,34.226,50.354
3590,66.698,34.294,50.496
3600.1,65.531,35.064,50.298
3609.9,65.262,34.835,50.049
3620,65.07,35.54,50.305
3630,65.025,36.042,50.533
3640,64.239,36.44,50.339
3650,64.269,37.127,50.698
3659.9,63.419,37.302,50.361
3670.1,62.381,37.69,50.035
3680,62.445,37.613,50.029
3689.9,61.666,38.674,50.17
3700.1,60.961,38.129,49.545
3710,60.608,39.31,49.959
3720,59.739,39.536,49.638
3730,59.714,39.297,49.505
3740.1,58.517,40.776,49.647
3750.1,58.52,39.57,49.045
3759.9,57.62,40.521,49.071
3770,56.8,41.184,48.992
3780,57.781,40.659,49.22
3790,56.517,41.205,48.861
3800,56.136,41.421,48.779
3810,56.954,40.807,48.881
3820,55.927,41.229,48.578
3830.1,55.348,42.345,48.846
3840,56.303,41.794,49.048
3850.1,55.17,40.908,48.039
3860,55.472,41.928,48.7
3870.1,56.216,41.629,48.922
3880,57.024,41.19,49.107
3889.9,56.479,41.041,48.76
3900.1,56.526,41.561,49.043
3910.1,57.886,41.387,49.637
3920.1,57.181,40.532,48.856
3930.1,57.81,41.195,49.502
3940.1,59.251,41.635,50.443
3950.1,58.893,40.768,49.83
3960.1,59.273,40.529,49.901
3970.1,59.092,39.798,49.445
3980,60.257,40.671,50.464
3989.9,61.286,40.319,50.802
4000,62.099,39.569,50.834
4009.9,61.614,38.839,50.227
4020,61.352,38.69,50.021
4030,62.366,39.127,50.746
4039.9,63.507,39.434,51.47
4050,64.731,38.83,51.781
4060.1,64.511,37.71,51.111
4070,63.91,36.544,50.227
4080.1,64.486,37.139,50.812
4090,65.013,37.342,51.178
4100,64.54,37.28,50.91
4109.9,66.113,37.538,51.825
4120.1,66.304,36.316,51.31
4130.1,66.353,36.175,51.264
4140,66.03,35.836,50.933
4149.9,65.821,35.329,50.575
4160,64.859,35.755,50.307
4169.9,65.272,35.328,50.3
4180,65.454,36.153,50.804
4190,65.554,36.274,50.914
4200,67.391,36.944,52.168
4210,65.324,35.353,50.338
4220.1,62.621,35.655,49.138
4230.1,62.878,34.311,48.594
4239.9,65.812,37.421,51.617
4250,64.721,34.672,49.696
4260.1,66.977,34.78,50.878
4270,64.51,34.483,49.497
4279.9,66.18,35.153,50.666
4290,63.222,34.818,49.02
4300,62.805,34.982,48.893
4310.1,64.214,36.139,50.176
4320,63.301,35.646,49.473
4330.1,63.097,36.25,49.674
4340.1,64.899,37.088,50.994
4349.9,63.792,38.366,51.079
4359.9,62.196,38.008,50.102
4369.9,62.883,38.751,50.817
4380.1,60.84,38.282,49.561
4390,62.495,38.87,50.682
4400,60.931,39.613,50.272
4410,61.432,38.484,49.958
4420,59.782,39.817,49.799
4430.1,59.78,39.53,49.655
4439.9,59.425,40.162,49.793
4450,61.171,40.559,50.865
4460.1,59.912,41.272,50.592
4469.9,59.47,41.124,50.297
4480,60.411,42.425,51.418
4490.1,58.801,41.72,50.26
4499.9,58.775,42.14,50.458
4509.9,58.335,42.175,50.255
4519.9,58.466,43.498,50.982
4530.1,59.409,43.357,51.383
4540,58.148,43.274,50.711
4550,60.321,45.153,52.737
4560.1,58.843,45.58,52.211
4570,60.629,45.043,52.836
4580,59.999,44.226,52.113
4589.9,57.126,47.229,52.177
4600.1,59.485,45.658,52.572
4610.1,57.429,47.472,52.451
4619.9,58.421,45.61,52.016
4629.9,59.65,47.789,53.72
4640,59.871,47.61,53.74
4650,61.029,47.3,54.165
4660,60.079,45.023,52.551
4670,60.278,48.265,54.271
4680,62.056,47.022,54.539
4689.9,62.018,46.899,54.459
4700.1,59.617,47.642,53.629
4710,61.999,49.033,55.516
4720.1,63.031,46.917,54.974
4729.9,59.991,44.219,52.105
4740,64.133,48.766,56.45
4750.1,56.711,48.102,52.407
4760,61.285,47.074,54.18
4769.9,57.637,48.381,53.009
4780.1,55.443,49.131,52.287
4790,64.403,48.955,56.679
4800,66.191,46.253,56.222
4810,72.253,46.373,59.313
4820,55.244,50.733,52.988
4829.9,64.631,43.993,54.312
4839.9,63.505,49.934,56.72
4850,62.952,44.242,53.597
4859.9,59.206,48.752,53.979
4870,61.933,45.044,53.488
4880.1,69.791,41.423,55.607
4889.9,64.791,46.187,55.489
4899.9,58.503,41.629,50.066
4910,69.05,40.543,54.796
4920,56.005,46.155,51.08
4930,63.223,47.308,55.265
4939.9,56.604,41.905,49.255
4950,57.717,47.045,52.381
4959.9,60.518,43.351,51.934
4970,62.125,40.54,51.333
4980,62.805,43.816,53.31
4990.1,53.779,38.337,46.058
5000,49.543,48.354,48.948
5009.9,75.881,40.106,57.994
5020,80.164,40.068,60.116
5030.1,35.553,39.271,37.412
5039.9,65.756,38.419,52.088
5049.9,56.549,30.169,43.359
5060.1,50.942,42.394,46.668
5070.1,60.668,38.692,49.68
5080,38.71,41.214,39.962
5090,38.291,39.419,38.855
5100,75.897,33.725,54.811
5110,37.771,52.938,45.355
5120,41.359,38.21,39.784
5130.1,16.247,65.03,40.639
5140,120,18.056,69.028
5150,49.688,22.548,36.118
5159.9,39.727,46.224,42.976
5170,25.543,32.186,28.864
5180,25.138,46.091,35.615
5190.1,-7.192,41.901,17.354
5199.9,25.556,61.433,43.494
