# Single-layer SiO2 reference single layer on double-side-polished sapphire, same deposition campaign as the components, deposited less than one week before them with no target change or chamber reconditioning in between -- which is the condition that makes the transferability test legitimate. Transmittance relative to the bare substrate at normal incidence, as a fraction. Thickness determined in Volet 1: 1681.7 nm.
Wavelength_nm,Trel
249.99,0.933999
251.01,0.944083
251.99,0.944942
253,0.936595
254.01,0.921884
254.99,0.905358
256.01,0.891175
256.99,0.884425
258,0.885471
259,0.894822
259.99,0.908839
261.01,0.925744
261.99,0.941521
263,0.953513
264.01,0.959315
265,0.958685
266.01,0.952066
266.99,0.943428
268.01,0.935282
269,0.930093
270.01,0.929626
271,0.935284
272,0.94706
273,0.964504
274.01,0.985217
274.99,1.00255
276,1.01516
277,1.02141
278.01,1.02058
279,1.01438
280.01,1.00375
281,0.99216
282,0.982451
283.01,0.976538
284,0.975687
285.01,0.980195
285.99,0.988756
287,1.00045
288.01,1.01285
288.99,1.02527
289.99,1.03631
291.01,1.04512
292,1.04954
293,1.04751
294.01,1.0398
295.01,1.02762
296,1.01468
297.01,1.00279
298.01,0.995302
299.01,0.991341
299.99,0.991184
301,0.994743
301.99,1.00115
303,1.01141
304.01,1.02376
305.01,1.03597
306,1.04724
306.99,1.05556
308,1.05942
309,1.05858
310.01,1.05292
310.99,1.0451
312,1.03526
312.99,1.02541
314.01,1.01649
314.99,1.00836
316.01,1.00235
316.99,0.998172
318.01,0.996866
318.99,0.998738
320,1.00488
321,1.01458
321.99,1.02622
323,1.03908
324.01,1.05008
325,1.05811
326.01,1.0631
327,1.06354
328,1.06059
329.01,1.05548
330.01,1.04975
331.01,1.04214
331.99,1.03535
332.99,1.02571
334,1.0186
335,1.01187
335.99,1.00575
337,0.999856
338,0.998108
339.01,0.999524
340.01,1.00372
341,1.01112
342,1.02171
343,1.03292
344,1.04251
344.99,1.05243
345.99,1.05873
347,1.06264
348,1.06396
349.01,1.06265
350,1.05969
351,1.05608
351.99,1.05123
352.99,1.0458
353.99,1.03911
354.99,1.03247
355.99,1.02463
357,1.01703
357.99,1.00946
359,1.00426
360,1.00092
360.99,0.99789
362,0.998921
362.99,1.0032
364,1.0087
364.99,1.01636
366.01,1.02709
367.01,1.03477
368,1.0435
369.01,1.05225
369.99,1.05726
370.99,1.06112
372,1.06218
372.99,1.06317
374,1.06241
374.99,1.05998
375.99,1.05711
377.02,1.05457
378,1.04938
378.98,1.04102
380.01,1.03449
380.99,1.02701
382.03,1.0201
383.01,1.01523
384,1.00909
384.98,1.00644
386.02,1.00233
387.01,1.0026
388,1.00326
388.98,1.00492
390.03,1.00687
391.01,1.01108
392,1.01457
392.98,1.02053
394.03,1.02717
395.01,1.03467
396,1.04044
396.98,1.04619
398.02,1.05314
399,1.05701
399.98,1.06226
401.02,1.06412
401.99,1.06513
403.03,1.06513
404,1.06412
404.98,1.06231
406,1.05752
406.98,1.05273
408,1.04775
409.03,1.04188
410,1.03543
411.02,1.02904
411.99,1.02258
413.01,1.01726
413.98,1.01232
415,1.00878
416.03,1.00502
416.99,1.0027
418.02,1.0018
418.99,1.00142
420.01,1.00238
420.99,1.0038
422.01,1.00621
422.99,1.00957
424.02,1.01419
424.99,1.01908
426.03,1.02415
427.01,1.02943
427.98,1.03509
429.02,1.04061
430,1.0458
430.99,1.05123
432.03,1.05564
433.01,1.05936
433.99,1.06242
434.98,1.06423
436.02,1.06516
437,1.06537
437.99,1.06411
439.03,1.06245
440.01,1.05934
441,1.05646
441.98,1.05221
443.02,1.04715
444,1.04258
444.98,1.03722
446.01,1.03181
446.99,1.02647
448.02,1.02147
448.99,1.01667
450.02,1.01247
451,1.00861
452.02,1.00603
452.99,1.00305
454.02,1.0013
454.98,1.00049
456.01,1.00033
457.03,1.00086
457.99,1.00197
459.01,1.00439
459.98,1.00664
461,1.00989
462.02,1.01329
462.99,1.01728
464.01,1.02164
464.98,1.02584
466,1.0308
467.03,1.03547
468,1.03969
469.03,1.04445
470,1.04837
471.03,1.05227
472,1.05562
472.98,1.05847
474.01,1.06101
474.99,1.06282
476.03,1.06406
477.01,1.06481
477.99,1.0645
479.03,1.06368
480.01,1.06247
480.99,1.06044
481.98,1.05797
483.02,1.05474
484,1.05146
484.98,1.04777
486.02,1.04356
487,1.03918
487.98,1.03494
489.02,1.03041
489.99,1.02609
491.03,1.02162
492,1.01764
492.98,1.01424
494.01,1.01081
494.98,1.00784
496,1.00537
497.03,1.00325
498,1.00191
499.02,1.001
499.99,1.00038
501.01,1.00051
502.03,1.00093
502.99,1.00198
504.01,1.00344
505.03,1.0054
505.99,1.00775
507.01,1.01041
508.03,1.01359
508.99,1.01681
510.01,1.02044
510.98,1.02396
512,1.02778
513.03,1.03179
513.99,1.03553
515.02,1.03942
515.99,1.04288
517.02,1.04665
517.99,1.04982
519.02,1.0529
520,1.05582
521.03,1.05844
522.01,1.06029
522.99,1.06199
524.02,1.06337
525,1.06403
525.98,1.06457
527.02,1.0645
528,1.06397
528.98,1.06324
530.02,1.0619
531,1.06026
531.98,1.0583
533.01,1.05591
533.99,1.05312
535.02,1.04999
536,1.04686
537.03,1.04325
538,1.03976
539.03,1.03602
540,1.03251
541.02,1.0288
541.99,1.02538
543.01,1.02199
543.98,1.01899
545,1.01605
546.02,1.01334
546.98,1.01086
548,1.00854
549.02,1.00662
549.98,1.00488
550.99,1.00358
552.01,1.0024
553.03,1.00148
553.99,1.00111
555,1.00086
556.02,1.00097
556.99,1.00133
558.01,1.00205
559.03,1.00313
559.99,1.00441
561.02,1.00598
561.99,1.00767
563.01,1.00989
563.98,1.01218
565.01,1.01467
565.99,1.01744
567.02,1.02016
567.99,1.02299
569.03,1.02604
570,1.02904
570.98,1.03211
572.01,1.03508
572.99,1.03814
574.03,1.0413
575,1.04414
575.98,1.04681
577.02,1.04959
577.99,1.05207
579.02,1.05454
580,1.05655
581.03,1.05855
582,1.0602
583.03,1.0616
584,1.0627
585.02,1.06348
585.99,1.064
587.01,1.06423
587.98,1.06415
589,1.06388
590.02,1.06326
590.98,1.06236
591.99,1.06128
593.01,1.05994
594.02,1.05835
594.98,1.05653
596,1.05461
597.01,1.05241
598.02,1.05006
598.98,1.04766
600,1.0451
600,1.04502
604.01,1.03368
607.98,1.02224
612.03,1.01195
615.98,1.00479
619.99,1.00071
624,1.00001
628,1.00242
631.98,1.00733
635.99,1.01464
639.98,1.02347
644.03,1.03318
648.02,1.04239
652.03,1.05078
656,1.05745
660,1.06184
664,1.06344
668,1.06264
671.99,1.05918
676.02,1.05358
680.03,1.04654
684.01,1.03824
687.99,1.02977
692.03,1.02179
696.02,1.01436
699.98,1.00833
704.01,1.0038
708,1.00113
711.99,1.0004
716.03,1.0014
719.99,1.00425
724,1.00854
727.98,1.01452
732,1.02118
736.02,1.02862
740,1.03614
743.99,1.04358
748,1.05058
751.98,1.05618
756.01,1.06033
759.99,1.0627
764,1.06366
768,1.06297
772.03,1.06108
775.98,1.05785
779.99,1.05368
784,1.04859
787.98,1.04279
791.98,1.03684
795.99,1.03057
800.01,1.02467
804.03,1.01905
807.98,1.0141
812.02,1.00967
815.99,1.00609
819.99,1.00342
823.98,1.00179
827.98,1.00088
831.99,1.00116
836.03,1.00231
840.02,1.00433
844.03,1.00698
847.98,1.01048
851.98,1.01469
856.01,1.01925
860.02,1.02422
864.01,1.02928
867.99,1.03456
872.03,1.03986
876.02,1.04468
879.98,1.04929
884.02,1.05352
888.01,1.05694
892,1.05985
895.99,1.06211
900.01,1.0634
904.01,1.06387
907.99,1.06341
912.01,1.06217
916.03,1.06024
920.01,1.05757
924,1.05415
928.02,1.05027
932,1.04625
935.98,1.04155
940,1.0369
944.01,1.03193
948,1.02709
952.01,1.02247
956.02,1.01824
960.02,1.01401
963.99,1.01055
968.02,1.0074
972.02,1.00478
975.98,1.00271
980,1.00106
984.01,1.00008
988,0.999743
992.01,1.00035
996.01,1.00046
1000.02,1.00104
1004.02,1.002
1008.02,1.0034
1012.01,1.00529
1016.01,1.00742
1020,1.00994
1023.99,1.01284
1027.98,1.01579
1031.96,1.01917
1035.95,1.02268
1040.06,1.02628
1044.05,1.02986
1048.04,1.03348
1052.04,1.03705
1056.04,1.04055
1060.04,1.04379
1064.04,1.04695
1068.04,1.04995
1072.05,1.05282
1076.05,1.05502
1080.05,1.05715
1084.05,1.05885
1088.05,1.06018
1092.04,1.06126
1096.03,1.06204
1100.02,1.06238
1104.01,1.06218
1107.99,1.06174
1111.97,1.06115
1115.95,1.06005
1120.04,1.05882
1124.02,1.05717
1128,1.05529
1131.98,1.05305
1135.96,1.05071
1139.95,1.04839
1144.05,1.04562
1148.04,1.04299
1152.03,1.04031
1156.02,1.03743
1160.01,1.03461
1164.01,1.03158
1168,1.02883
1171.99,1.02581
1175.98,1.02328
1179.97,1.0205
1183.95,1.01783
1188.05,1.01552
1192.02,1.01329
1196,1.01117
1199.97,1.00919
1204.05,1.00737
1208.02,1.00572
1211.99,1.00429
1215.96,1.00316
1220.04,1.0019
1224.01,1.00115
1227.99,1.00044
1231.96,1.00001
1236.05,0.999747
1240.03,0.999673
1244.01,0.99994
1248,1.00024
1251.98,1.00071
1255.96,1.00167
1259.95,1.00245
1264.04,1.00354
1268.02,1.00469
1272,1.00604
1275.97,1.0077
1280.05,1.00924
1284.02,1.01098
1287.98,1.01287
1292.06,1.01478
1296.02,1.01682
1299.98,1.01878
1304.05,1.02111
1308.01,1.02321
1311.97,1.02539
1316.04,1.02764
1320.01,1.02994
1323.97,1.03209
1328.05,1.03456
1332.02,1.03673
1335.99,1.03887
1339.97,1.04089
1344.05,1.04303
1348.03,1.04516
1352,1.04693
1355.97,1.04856
1360.05,1.05035
1364.02,1.05217
1367.98,1.05328
1372.05,1.05483
1376.01,1.05641
1379.96,1.05779
1384.02,1.05847
1387.97,1.05914
1392.03,1.05999
1395.98,1.06062
1400.04,1.06117
1403.99,1.06132
1407.95,1.06159
1412.01,1.0615
1415.97,1.06161
1420.04,1.06128
1424,1.06094
1427.96,1.06038
1432.04,1.05981
1436,1.05934
1439.97,1.05841
1444.04,1.05764
1448,1.05677
1451.96,1.05558
1456.02,1.05445
1459.97,1.05329
1463.98,1.05238
1468,1.051
1472.02,1.04965
1476.06,1.04811
1479.99,1.04678
1484.04,1.04537
1488,1.044
1491.97,1.04223
1495.95,1.04071
1500.05,1.0388
1504.04,1.03715
1508.04,1.03523
1512.03,1.03342
1516.02,1.03156
1520,1.02976
1523.97,1.028
1528.03,1.02614
1531.97,1.02446
1536.01,1.02258
1540.04,1.02083
1544.05,1.01925
1548.06,1.01767
1551.95,1.01609
1555.95,1.01448
1559.95,1.0131
1563.96,1.01172
1567.98,1.01038
1572.02,1.00903
1575.95,1.0078
1580.01,1.00673
1583.97,1.00572
1588.05,1.00456
1592.03,1.00372
1596.01,1.00279
1599.99,1.00202
1603.96,1.00125
1608.04,1.00067
1612,1.00009
1615.95,0.999494
1619.99,0.999089
1624.02,0.998645
1628.04,0.998448
1632.04,0.998146
1636.03,0.998065
1640.02,0.997946
1644,0.997833
1647.99,0.997943
1651.98,0.998009
1655.98,0.998243
1659.99,0.998549
1664.02,0.9986
1667.95,0.99895
1672,0.999368
1675.95,0.999764
1680.02,1.00033
1683.98,1.00088
1688.06,1.00146
1692.02,1.00216
1695.97,1.00267
1700.03,1.00349
1703.97,1.00425
1708,1.0051
1712.02,1.00595
1716.03,1.00675
1720.02,1.00763
1724,1.00848
1727.97,1.00953
1732.05,1.01058
1736.02,1.01165
1739.99,1.01272
1743.97,1.01383
1747.96,1.01479
1751.97,1.01595
1755.99,1.01712
1760.02,1.01825
1763.95,1.01934
1768,1.02057
1772.06,1.02169
1776,1.02287
1779.95,1.02403
1784.01,1.02518
1788.05,1.02636
1791.98,1.0276
1796,1.02873
1800.01,1.02986
1804,1.03122
1807.98,1.03224
1812.05,1.03327
1816.01,1.03464
1819.96,1.03586
1824.03,1.03673
1827.98,1.0379
1832.05,1.03906
1836.03,1.04072
1840.01,1.04161
1844.01,1.04203
1848.02,1.04374
1852.04,1.04512
1855.96,1.04513
1860,1.0466
1864.05,1.04677
1867.98,1.04783
1872.02,1.04866
1876.05,1.04933
1879.96,1.0502
1883.97,1.05087
1887.96,1.0517
1892.05,1.05249
1896.01,1.05288
1899.97,1.05307
1904.02,1.05425
1907.96,1.05481
1912,1.05492
1916.05,1.05585
1919.99,1.05709
1924.05,1.05679
1928.02,1.05706
1932,1.05739
1935.99,1.05732
1939.99,1.05781
1944.01,1.0582
1948.03,1.05846
1951.95,1.05801
1955.97,1.05831
1960,1.05861
1964.01,1.05915
1968.02,1.05896
1972.01,1.05823
1975.99,1.05881
1979.95,1.05894
1984.01,1.05811
1987.95,1.05817
1991.98,1.05859
1996.01,1.05797
2000.04,1.05744
2003.96,1.05787
2008,1.05707
2012.04,1.05681
2015.99,1.05676
2019.95,1.05598
2024.03,1.05594
2028.02,1.05515
2032.01,1.05495
2036.02,1.05419
2040.03,1.05395
2044.04,1.05326
2048.05,1.05286
2052.05,1.05221
2056.03,1.05172
2060.01,1.05097
2063.97,1.05047
2068.03,1.04973
2071.96,1.04908
2075.99,1.04852
2080,1.04757
2084.02,1.04706
2088.03,1.04617
2092.04,1.04551
2096.05,1.04474
2099.97,1.04403
2104.01,1.04326
2107.95,1.04259
2112.02,1.04168
2115.99,1.04107
2119.97,1.04021
2123.96,1.03943
2127.95,1.0385
2132.05,1.03771
2136.04,1.037
2140.02,1.03604
2143.99,1.0353
2147.95,1.03451
2152,1.03366
2156.04,1.03287
2159.95,1.03202
2163.96,1.03122
2167.96,1.03047
2171.95,1.02968
2176.05,1.02874
2180.05,1.02789
2184.05,1.02704
2187.95,1.02634
2191.97,1.02549
2196,1.02472
2199.95,1.02394
2199.95,1.02415
2220,1.02027
2239.96,1.01681
2260.03,1.01328
2279.96,1.0103
2299.96,1.0081
2320.02,1.00496
2339.99,1.00387
2360,1.00141
2380.03,1.00029
2400.03,0.999425
2420.02,0.998959
2440.04,0.999286
2460,0.997839
2480.04,0.998287
2499.92,0.998569
2520.03,0.998826
2540.09,1.00128
2560.06,0.998
2579.93,1.00245
2599.98,1.005
2620.03,1.00811
2639.93,1.00771
2659.91,1.009
2679.95,1.01
2700.01,1.015
2720.02,1.01483
2739.94,1.01935
2759.99,1.02271
2779.98,1.02749
2799.98,1.02832
2820.03,1.031
2839.95,1.03331
2859.94,1.03616
2879.94,1.03969
2899.89,1.0403
2919.98,1.04253
2939.97,1.04412
2959.9,1.0468
2980.06,1.04984
3000.05,1.05191
3019.91,1.05104
3040.06,1.05339
3060,1.05402
3079.89,1.05353
3099.92,1.05418
3120.07,1.05679
3139.93,1.05536
3160.02,1.05591
3179.95,1.05809
3199.96,1.05611
3220.05,1.05527
3239.92,1.05545
3259.97,1.05334
3279.92,1.05463
3300,1.05467
3320.02,1.05391
3340.04,1.05302
3359.9,1.0527
3380.07,1.05287
3400.09,1.05159
3420.11,1.05414
3440.09,1.0499
3459.96,1.04819
3479.96,1.0458
3499.9,1.04677
3520.08,1.04558
3540.09,1.04327
3559.97,1.04054
3579.91,1.04092
3600.08,1.03922
3619.98,1.0378
3639.99,1.03793
3659.91,1.03399
3679.99,1.03339
3700.08,1.03421
3720.03,1.03167
3740.06,1.02848
3759.93,1.03052
3780.02,1.02763
3800.04,1.026
3819.96,1.02444
3840,1.02348
3860,1.02386
3880.02,1.02116
3900.11,1.02137
3920.07,1.01949
3940.08,1.01859
3960.08,1.01819
3980.01,1.01553
4000.04,1.01693
4019.99,1.01597
4039.9,1.01334
4060.06,1.01296
4080.08,1.01071
4099.96,1.01044
4120.11,1.00818
4140.01,1.00666
4160.05,1.00548
4179.97,1.00434
4200.03,1.00721
4220.07,1.00686
4239.93,1.00744
4260.1,1.00462
4279.91,1.006
4299.96,1.00921
4319.97,1.00653
4340.11,1.00257
4359.92,0.998207
4380.08,0.998543
4400.03,0.996969
4420.04,0.999163
4439.91,0.999313
4460.07,0.996034
4480.03,0.995714
4499.92,0.99853
4519.92,0.997395
4540.04,0.997145
4560.09,0.9995
4579.95,0.998713
4600.1,0.999391
4619.9,0.997832
4639.97,0.993002
4660.02,0.996245
4680,0.994594
4700.08,0.998934
4720.06,1.00361
4740.01,0.996034
4760,0.99691
4780.07,0.998129
4800,0.996277
4819.97,0.995088
4839.9,1.0024
4859.94,0.999588
4880.08,0.983855
4899.94,1.00407
4919.99,0.98645
4939.9,0.989203
4959.9,0.997116
4979.96,1.00095
5000.02,0.983099
5020.02,1.01
5039.9,0.982361
5060.1,1.00508
5080.04,0.991089
5100,1.01
5120.04,1.008
5139.96,1.0035
5159.91,0.99
5180.05,0.99
5199.88,0.998486
