# Single-layer Nb2O5 witness on double-side polished sapphire, same deposition campaign as the components, less than one week apart, no target change or chamber reconditioning in between. Transmittance relative to the bare substrate at normal incidence, as a fraction. Reproduced from the Volet 1 deposit.
Wavelength_nm,Trel
350,0.289104
350.51,0.31061
351,0.32145
351.5,0.334366
351.99,0.344026
352.49,0.345724
352.99,0.351064
353.49,0.357141
353.99,0.366723
354.49,0.381712
354.99,0.399299
355.49,0.426488
355.99,0.454912
356.5,0.487245
357,0.517029
357.49,0.552098
357.99,0.573225
358.51,0.577976
359,0.581074
359.49,0.57114
360,0.560074
360.51,0.548498
360.99,0.541667
361.5,0.539281
362,0.546048
362.5,0.559614
362.99,0.583954
363.51,0.619238
364,0.659247
364.51,0.705111
364.99,0.74725
365.51,0.776291
366.01,0.791337
366.5,0.789748
367.01,0.77671
367.49,0.752389
368,0.717885
368.49,0.693491
369.01,0.670049
369.5,0.658596
369.99,0.653087
370.49,0.657268
370.99,0.672497
371.49,0.692503
372,0.726609
372.51,0.755161
372.99,0.79794
373.51,0.836194
374,0.870397
374.49,0.895895
374.99,0.916499
375.48,0.928575
375.99,0.903937
376.51,0.880914
377.02,0.850123
377.48,0.825114
378,0.789972
378.52,0.763894
378.98,0.73981
379.5,0.716198
380.01,0.709435
380.53,0.71038
380.99,0.725907
381.51,0.732552
382.03,0.758645
382.49,0.78853
383.01,0.819003
383.48,0.846637
384,0.883753
384.52,0.919397
384.98,0.945473
385.5,0.960571
386.02,0.957561
386.49,0.96187
387.01,0.945386
387.53,0.91853
388,0.885846
388.52,0.852642
388.98,0.831996
389.5,0.800014
390.03,0.776547
390.49,0.758638
391.01,0.753301
391.48,0.743181
392,0.743292
392.52,0.740585
392.98,0.751478
393.51,0.772363
394.03,0.794823
394.49,0.826456
395.01,0.854025
395.48,0.882625
396,0.917734
396.52,0.945034
396.98,0.967393
397.5,0.979939
398.02,0.984334
398.48,0.980987
399,0.970299
399.52,0.943284
399.98,0.920842
400.5,0.893469
401.02,0.86005
401.48,0.843389
401.99,0.820409
402.51,0.791133
403.03,0.774897
403.49,0.764993
404,0.753708
404.52,0.751745
404.98,0.752356
405.49,0.757649
406,0.773275
406.52,0.788688
406.98,0.806371
407.49,0.828685
408,0.85863
408.52,0.883203
409.03,0.9102
409.48,0.93175
410,0.954249
410.51,0.974802
411.02,0.985172
411.48,0.994168
411.99,0.991848
412.5,0.981961
413.01,0.966382
413.52,0.948719
413.98,0.925947
414.49,0.898269
415,0.874497
415.51,0.849155
416.03,0.827267
416.48,0.810928
416.99,0.793072
417.51,0.778981
418.02,0.768044
418.53,0.76588
418.99,0.763062
419.5,0.762173
420.01,0.769931
420.53,0.779637
420.99,0.787635
421.5,0.804623
422.01,0.82213
422.53,0.845758
422.99,0.865016
423.5,0.889144
424.02,0.91179
424.48,0.931178
424.99,0.954327
425.51,0.970283
426.03,0.981671
426.49,0.992022
427.01,0.995782
427.52,0.993353
427.98,0.984954
428.5,0.975621
429.02,0.957007
429.48,0.940769
430,0.919304
430.52,0.896003
430.99,0.877577
431.51,0.857063
432.03,0.838462
432.49,0.822153
433.01,0.806852
433.53,0.794522
433.99,0.784862
434.51,0.777415
434.98,0.7723
435.5,0.771554
436.02,0.774329
436.48,0.776148
437,0.783838
437.53,0.794068
437.99,0.804695
438.51,0.818643
439.03,0.834641
439.49,0.852929
440.01,0.873232
440.48,0.890899
441,0.910783
441.52,0.931988
441.98,0.947599
442.5,0.963168
443.02,0.976385
443.48,0.986604
444,0.991442
444.52,0.995883
444.98,0.994863
445.49,0.990545
446.01,0.979194
446.53,0.965952
446.99,0.951775
447.5,0.936315
448.02,0.919982
448.48,0.901644
448.99,0.883382
449.51,0.864867
450.02,0.84778
450.48,0.833584
451,0.819652
451.51,0.806782
452.02,0.79649
452.48,0.789821
452.99,0.785157
453.5,0.780634
454.02,0.779727
454.53,0.781269
454.98,0.782758
455.49,0.789954
456.01,0.794531
456.52,0.80634
457.03,0.816912
457.48,0.828838
457.99,0.840999
458.5,0.855837
459.01,0.873908
459.53,0.890123
459.98,0.905189
460.49,0.923563
461,0.938442
461.51,0.953511
462.02,0.967351
462.48,0.978006
462.99,0.986356
463.5,0.992405
464.01,0.995914
464.52,0.996405
464.98,0.992801
465.49,0.988405
466,0.979877
466.52,0.968799
467.03,0.95642
467.48,0.944781
468,0.928629
468.51,0.913482
469.03,0.897595
469.48,0.884634
470,0.867774
470.51,0.854075
471.03,0.840628
471.49,0.829348
472,0.818172
472.52,0.809226
472.98,0.801985
473.5,0.796298
474.01,0.791535
474.53,0.788434
474.99,0.787046
475.51,0.788108
476.03,0.790213
476.49,0.792935
477.01,0.7985
477.53,0.804298
477.99,0.811077
478.51,0.820222
479.03,0.832081
479.49,0.8418
480.01,0.85552
480.53,0.869335
480.99,0.881437
481.51,0.896429
481.98,0.909549
482.5,0.923823
483.02,0.938795
483.48,0.950589
484,0.962974
484.52,0.97419
484.98,0.981381
485.5,0.989626
486.02,0.99425
486.48,0.996465
487,0.997542
487.52,0.994923
487.98,0.991761
488.5,0.986143
489.02,0.977339
489.48,0.969007
489.99,0.958657
490.51,0.947609
491.03,0.933543
491.49,0.922307
492,0.909039
492.52,0.895624
492.98,0.884033
493.49,0.87096
494.01,0.858125
494.52,0.846889
494.98,0.837088
495.49,0.827738
496,0.819363
496.52,0.812218
497.03,0.805759
497.49,0.80108
498,0.797192
498.51,0.794762
499.02,0.794085
499.48,0.794263
499.99,0.795009
500.5,0.798158
501.01,0.80157
501.52,0.806556
502.03,0.81231
502.48,0.818283
502.99,0.826687
503.5,0.835551
504.01,0.844903
504.52,0.855695
505.03,0.866886
505.48,0.877698
505.99,0.88922
506.5,0.901634
507.01,0.913861
507.52,0.925864
508.03,0.938529
508.48,0.947973
508.99,0.958383
509.5,0.968573
510.01,0.976793
510.53,0.984652
510.98,0.989595
511.49,0.994126
512,0.99638
512.51,0.997441
513.03,0.996648
513.48,0.994399
513.99,0.991628
514.51,0.98529
515.02,0.978446
515.48,0.971084
515.99,0.962924
516.5,0.953074
517.02,0.942717
517.48,0.933321
517.99,0.921822
518.51,0.910115
519.02,0.899271
519.48,0.889462
520,0.877844
520.51,0.867451
521.03,0.857517
521.49,0.849403
522.01,0.840748
522.53,0.83268
522.99,0.825797
523.5,0.819637
524.02,0.81348
524.48,0.809719
525,0.805832
525.52,0.802744
525.98,0.80124
526.5,0.800312
527.02,0.799845
527.48,0.800598
528,0.801913
528.52,0.804928
528.98,0.808285
529.5,0.812473
530.02,0.818414
530.48,0.822897
531,0.829496
531.51,0.837232
531.98,0.844424
532.49,0.853821
533.01,0.862484
533.53,0.871942
533.99,0.881194
534.51,0.891108
535.02,0.901523
535.48,0.911839
536,0.921591
536.51,0.932551
537.03,0.941837
537.49,0.95048
538,0.959699
538.51,0.968289
539.03,0.975372
539.49,0.981786
540,0.987373
540.51,0.991802
541.02,0.994773
541.48,0.997229
541.99,0.998299
542.5,0.99779
543.01,0.99617
543.53,0.993733
543.98,0.990229
544.49,0.985398
545,0.979318
545.51,0.972498
546.02,0.965685
546.53,0.957265
546.98,0.94986
547.49,0.940863
548,0.9321
548.51,0.922218
549.02,0.912516
549.52,0.902885
549.98,0.894929
550.48,0.885885
550.99,0.875734
551.5,0.867745
552.01,0.859749
552.52,0.851656
553.03,0.844406
553.48,0.838378
553.99,0.831437
554.5,0.82642
555,0.821316
555.51,0.816746
556.02,0.81349
556.48,0.810489
556.99,0.807926
557.5,0.806764
558.01,0.805599
558.52,0.805326
559.03,0.805831
559.48,0.806393
559.99,0.808383
560.51,0.810879
561.02,0.81355
561.53,0.817645
561.99,0.821611
562.5,0.825976
563.01,0.831115
563.53,0.837394
563.98,0.84295
564.5,0.849667
565.01,0.857198
565.53,0.864453
565.99,0.871736
566.5,0.880156
567.02,0.888638
567.48,0.896359
567.99,0.905115
568.51,0.913298
569.03,0.922663
569.48,0.930377
570,0.939032
570.52,0.947431
570.98,0.954124
571.5,0.961866
572.01,0.968802
572.53,0.974783
572.99,0.980426
573.51,0.985649
574.03,0.989368
574.49,0.992942
575,0.995446
575.52,0.996949
575.98,0.998387
576.5,0.998798
577.02,0.997403
577.48,0.996743
577.99,0.993957
578.51,0.990692
579.02,0.98686
579.48,0.981998
580,0.977285
580.51,0.971024
581.03,0.964262
581.49,0.958422
582,0.950706
582.52,0.943612
583.03,0.935005
583.49,0.928279
584,0.919888
584.51,0.911857
585.02,0.903628
585.48,0.896494
585.99,0.888849
586.5,0.88106
587.01,0.873855
587.52,0.866748
587.98,0.860605
588.49,0.853816
589,0.847877
589.51,0.841865
590.02,0.837021
590.52,0.832057
590.98,0.82868
591.49,0.824618
591.99,0.820968
592.5,0.818147
593.01,0.815945
593.52,0.813925
594.02,0.811765
594.53,0.810858
594.98,0.810398
595.49,0.810336
596,0.81087
596.5,0.811813
597.01,0.812892
597.52,0.815044
598.02,0.817087
598.53,0.819904
598.98,0.822989
599.49,0.826553
600,0.836273
601.01,0.84672
602.03,0.858423
602.99,0.870678
604.01,0.884208
605.03,0.898591
605.99,0.912392
607.01,0.926743
607.98,0.940136
609,0.953367
610.03,0.965823
611,0.97601
612.03,0.985006
613,0.991648
614.03,0.996455
615,0.998563
615.98,0.998435
617.01,0.995786
617.98,0.991284
619.02,0.984008
619.99,0.975682
621.02,0.965158
622,0.95416
623.03,0.941719
624,0.929017
625.03,0.915647
626,0.9028
627.03,0.889375
628,0.877604
629.02,0.865902
629.99,0.855454
631.01,0.84584
631.98,0.837746
632.99,0.830353
634.01,0.824572
635.03,0.820125
635.99,0.817336
637,0.815445
638.01,0.815119
639.03,0.81614
639.98,0.818299
640.99,0.821873
642,0.826875
643.02,0.833085
644.03,0.840345
644.98,0.848235
645.99,0.858066
647.01,0.867907
648.02,0.8791
648.98,0.889577
650,0.901449
651.01,0.91348
652.03,0.925353
652.99,0.936691
654.02,0.947963
654.98,0.957999
656,0.968228
657.03,0.977076
658,0.984105
659.03,0.990378
660,0.994777
661.02,0.997561
662,0.99869
663.03,0.998242
664,0.996173
665.03,0.992381
666,0.987416
667.03,0.980849
668,0.973406
669.03,0.964514
670,0.955368
671.02,0.94471
671.99,0.934532
673.02,0.923399
673.98,0.912585
675,0.901581
676.02,0.890946
676.98,0.881387
678,0.871748
679.01,0.86278
680.03,0.854437
680.98,0.847179
681.99,0.840663
683.01,0.834818
684.01,0.829737
685.02,0.825636
685.98,0.822649
686.98,0.82053
687.99,0.819399
689,0.819123
690.01,0.819845
691.02,0.821734
692.03,0.82426
692.98,0.8273
693.99,0.831787
695.01,0.83692
696.02,0.843073
696.98,0.849304
698,0.856718
699.01,0.864578
699.98,0.872945
701,0.881852
702.02,0.891263
702.98,0.900454
704.01,0.910537
704.98,0.919843
706,0.929799
707.03,0.939154
708,0.947851
709.02,0.956906
709.99,0.964665
711.02,0.972355
711.99,0.979202
713.01,0.985135
713.98,0.989994
715,0.993914
716.03,0.996939
716.99,0.998352
718.01,0.998813
718.98,0.998209
719.99,0.996418
721.01,0.993388
722.03,0.989494
722.98,0.984937
724,0.97925
725.01,0.972883
726.02,0.965436
727.02,0.957831
727.98,0.950025
728.98,0.941545
729.99,0.932707
730.99,0.923871
732,0.914706
733,0.906314
734.01,0.8975
735.01,0.889068
736.02,0.881004
737.03,0.873324
737.98,0.866453
738.99,0.85952
740,0.853019
741.01,0.84739
742.02,0.84204
742.98,0.837661
743.99,0.833635
745.01,0.830047
746.02,0.827441
746.98,0.825108
748,0.823834
749.02,0.822937
749.99,0.822817
751.01,0.823127
751.98,0.82411
753,0.825897
754.02,0.828318
754.99,0.831031
756.01,0.834509
756.98,0.838368
758,0.842813
759.02,0.848124
759.99,0.853372
761.01,0.8597
762.02,0.866062
762.99,0.872589
764,0.879675
765.02,0.887128
766.03,0.894626
766.99,0.901913
768,0.909639
769.01,0.91768
770.01,0.925555
771.02,0.933419
772.03,0.94098
773.03,0.948641
773.98,0.955241
774.98,0.962078
775.98,0.968564
776.98,0.974595
777.99,0.979935
778.99,0.98451
779.99,0.988674
780.99,0.99203
782,0.994857
783,0.996799
784,0.998111
785.01,0.99863
786.02,0.998225
787.03,0.997311
787.98,0.995659
788.99,0.993004
790,0.990109
791.02,0.986469
791.98,0.982062
792.99,0.977365
794.01,0.971951
795.03,0.966255
795.99,0.960384
797.01,0.953833
798.03,0.947405
798.99,0.940689
800.01,0.933538
801.03,0.926523
801.99,0.919419
803.01,0.912333
804.03,0.905063
804.99,0.898392
806.01,0.891818
807.02,0.885184
807.98,0.879012
808.99,0.872992
810,0.867111
811.01,0.861797
812.02,0.856733
813.03,0.851879
813.98,0.84778
814.98,0.843675
815.99,0.84
816.99,0.836849
817.99,0.833974
818.99,0.831759
819.99,0.829763
820.99,0.828044
821.99,0.826979
822.98,0.826247
823.98,0.825899
824.98,0.825947
825.98,0.826745
826.98,0.827377
827.98,0.828907
828.98,0.830565
829.99,0.832853
830.99,0.835311
831.99,0.838366
833,0.841448
834.01,0.845172
835.02,0.849164
836.03,0.853194
836.98,0.857581
838,0.86232
839.01,0.867557
840.02,0.872806
840.98,0.87795
842,0.883673
843.01,0.889543
844.03,0.89567
844.99,0.901653
846.01,0.907715
847.02,0.914161
847.98,0.92019
849,0.926569
850.01,0.93291
851.02,0.939142
851.98,0.94458
852.99,0.95039
854,0.956045
855.01,0.961692
856.01,0.966779
857.02,0.971898
858.02,0.976479
859.02,0.980609
860.02,0.984658
861.02,0.987859
862.02,0.990832
863.01,0.99346
864.01,0.995448
865.01,0.997191
866,0.998419
867,0.998907
867.99,0.99908
868.99,0.998791
869.98,0.998119
870.98,0.99686
872.03,0.995033
873.03,0.99301
874.02,0.990256
875.02,0.987384
876.02,0.98387
877.03,0.980242
878.03,0.97624
878.98,0.972181
879.98,0.967419
880.99,0.962666
882,0.957884
883.01,0.952738
884.02,0.947394
885.03,0.942039
885.99,0.9369
887,0.931154
888.01,0.925456
889.02,0.919872
889.98,0.91466
890.99,0.908858
892,0.903486
893.02,0.898001
894.03,0.892806
894.98,0.887936
895.99,0.882846
897,0.87824
898,0.873495
899.01,0.869135
900.01,0.864942
901.01,0.860774
902.01,0.85697
903.01,0.853202
904.01,0.849898
905,0.846845
906,0.844007
906.99,0.8414
907.99,0.839063
908.98,0.836901
910.02,0.834938
911.02,0.833378
912.01,0.832215
913,0.831061
913.99,0.830342
914.98,0.829788
916.03,0.829597
917.02,0.829575
918.01,0.829787
919.01,0.830334
920.01,0.831034
921,0.832228
922,0.833445
923,0.834819
924,0.83665
925.01,0.838707
926.01,0.840809
927.01,0.843358
928.02,0.845969
929.03,0.848998
929.98,0.85189
930.99,0.855102
932,0.858461
933.01,0.862241
934.01,0.866021
935.02,0.869981
935.98,0.874054
936.98,0.878112
937.99,0.88267
939,0.886907
940,0.891704
941.01,0.896281
942.01,0.900953
943.01,0.905774
944.01,0.91061
945.01,0.915692
946.01,0.920435
947,0.925177
948,0.930157
948.99,0.934846
949.98,0.939576
951.02,0.944472
952.01,0.948863
953,0.953398
953.99,0.957614
954.98,0.961781
956.02,0.966116
957.01,0.969968
957.99,0.973731
958.98,0.976962
960.02,0.980568
961.01,0.983423
962,0.986246
962.99,0.988812
963.99,0.990988
964.98,0.993008
966.03,0.994787
967.02,0.996269
968.02,0.997559
969.02,0.998405
970.02,0.99903
971.02,0.999424
972.02,0.999385
973.02,0.99913
974.03,0.998391
975.03,0.997468
975.98,0.996396
976.98,0.995134
977.99,0.993499
978.99,0.991431
980,0.989342
981,0.987107
982.01,0.984524
983.01,0.981543
984.01,0.978458
985.01,0.975343
986.01,0.971817
987.01,0.968446
988,0.964638
989,0.960864
989.99,0.95709
990.98,0.950918
992.01,0.946977
993.04,0.94218
993.95,0.938439
994.98,0.934077
996.01,0.929729
997.04,0.925233
997.96,0.92129
998.99,0.917056
1000.02,0.912622
1001.05,0.908237
1001.96,0.90466
1002.99,0.90044
1004.02,0.896413
1005.05,0.892242
1005.96,0.888708
1006.99,0.8847
1008.02,0.881121
1009.05,0.877422
1009.96,0.874396
1010.99,0.87081
1012.01,0.867631
1013.04,0.86439
1013.95,0.861588
1014.98,0.858805
1016.01,0.855927
1017.03,0.853319
1017.95,0.85095
1018.97,0.848471
1020,0.846425
1021.02,0.844251
1022.05,0.842334
1022.96,0.840648
1023.99,0.839113
1025.01,0.837658
1026.04,0.836486
1026.95,0.835122
1027.98,0.834372
1029,0.833533
1030.03,0.832897
1031.05,0.832408
1031.96,0.831861
1032.99,0.831774
1034.01,0.831909
1035.04,0.831978
1035.95,0.832317
1036.98,0.832871
1038,0.833378
1039.03,0.834173
1040.06,0.835181
1040.97,0.836077
1041.99,0.837254
1043.02,0.838718
1044.05,0.840231
1044.96,0.841646
1045.99,0.843475
1047.01,0.845338
1048.04,0.847324
1048.96,0.849256
1049.98,0.851679
1051.01,0.853947
1052.04,0.856683
1052.95,0.859152
1053.98,0.861884
1055.01,0.864573
1056.04,0.867685
1056.95,0.870405
1057.98,0.873614
1059.01,0.877037
1060.04,0.880342
1060.95,0.883176
1061.98,0.886692
1063.01,0.890283
1064.04,0.893847
1064.95,0.897169
1065.98,0.900912
1067.01,0.904594
1068.04,0.908358
1068.96,0.911694
1069.99,0.915248
1071.02,0.919087
1072.05,0.922678
1072.96,0.926266
1073.99,0.930149
1075.02,0.933693
1076.05,0.937573
1076.96,0.940904
1077.99,0.94448
1079.02,0.9481
1080.05,0.951647
1080.96,0.954747
1081.99,0.958026
1083.02,0.96124
1084.05,0.964754
1084.96,0.967366
1085.99,0.970283
1087.02,0.973152
1088.05,0.975796
1088.96,0.978191
1089.99,0.980581
1091.01,0.983024
1092.04,0.985265
1092.95,0.986982
1093.98,0.989003
1095.01,0.990757
1096.03,0.992229
1097.06,0.993675
1097.97,0.994892
1099,0.995802
1100.02,0.996791
1101.05,0.997304
1101.96,0.997985
1102.98,0.998666
1104.01,0.998796
1105.03,0.998787
1106.05,0.998877
1106.96,0.99832
1107.99,0.998093
1109.01,0.997662
1110.04,0.996965
1110.95,0.995961
1111.97,0.994908
1112.99,0.993811
1114.02,0.992569
1115.04,0.990715
1115.95,0.989294
1116.97,0.987536
1117.99,0.985532
1119.02,0.983473
1120.04,0.981438
1120.95,0.979204
1121.97,0.976914
1123,0.974482
1124.02,0.971848
1125.04,0.969144
1125.95,0.966775
1126.97,0.963876
1128,0.961154
1129.02,0.957948
1130.05,0.955145
1130.95,0.952319
1131.98,0.949198
1133,0.946071
1134.03,0.942781
1135.05,0.939599
1135.96,0.936744
1136.99,0.933421
1138.01,0.930041
1139.03,0.926825
1139.95,0.923947
1140.97,0.920638
1142,0.917484
1143.02,0.913907
1144.05,0.910776
1144.96,0.907847
1145.98,0.904728
1147.01,0.90152
1148.04,0.898424
1148.95,0.89563
1149.97,0.892663
1151,0.889797
1152.03,0.886817
1153.05,0.883857
1153.97,0.881292
1154.99,0.878706
1156.02,0.876008
1157.05,0.87341
1157.96,0.871163
1158.99,0.868622
1160.01,0.866262
1161.04,0.863885
1161.95,0.861857
1162.98,0.859653
1164.01,0.857561
1165.03,0.855718
1165.95,0.853911
1166.97,0.851967
1168,0.850296
1169.03,0.848525
1170.05,0.846702
1170.96,0.84569
1171.99,0.844372
1173.02,0.842966
1174.04,0.841606
1174.95,0.840605
1175.98,0.83964
1177.01,0.838559
1178.03,0.837899
1179.06,0.836912
1179.97,0.836312
1180.99,0.83596
1182.02,0.835214
1183.04,0.83488
1183.95,0.834648
1184.97,0.834491
1186,0.834351
1187.02,0.834115
1188.05,0.83402
1188.95,0.834318
1189.98,0.834286
1191,0.834644
1192.02,0.835052
1193.95,0.835848
1194.98,0.836786
1196,0.837191
1197.02,0.838204
1198.04,0.838991
1198.95,0.839857
1199.97,0.840968
1199.97,0.83893
1209.95,0.851675
1220.04,0.871024
1230.03,0.894942
1240.03,0.921755
1250.05,0.948254
1259.95,0.97114
1269.95,0.988425
1280.05,0.997632
1290.02,0.998122
1299.98,0.990086
1310.04,0.975048
1320.01,0.955214
1329.98,0.932668
1339.97,0.909834
1349.96,0.888462
1360.05,0.869493
1370.01,0.854591
1379.96,0.844596
1390,0.837754
1400.04,0.835939
1409.98,0.83835
1420.04,0.845052
1430,0.85535
1439.97,0.868944
1450.03,0.885069
1459.97,0.90252
1470.01,0.923066
1479.99,0.941499
1490.04,0.958904
1500.05,0.973912
1509.98,0.985749
1520,0.994205
1529.95,0.998451
1540.04,0.998447
1549.95,0.9943
1559.95,0.986454
1570,0.975509
1580.01,0.962315
1589.98,0.947783
1599.99,0.932519
1609.97,0.916909
1619.99,0.901837
1630.04,0.887722
1640.02,0.87494
1649.98,0.863843
1659.99,0.854682
1669.97,0.847414
1680.02,0.842223
1689.98,0.838974
1700.03,0.837787
1710.01,0.838562
1720.02,0.841142
1729.95,0.845628
1739.99,0.851731
1749.96,0.859386
1760.02,0.868381
1770.03,0.878354
1779.95,0.889157
1789.96,0.90083
1800.01,0.912741
1809.96,0.924959
1819.96,0.937533
1829.96,0.948268
1840.01,0.960192
1850.03,0.969893
1860,0.978839
1870,0.986223
1879.96,0.991786
1889.95,0.995821
1899.97,0.998235
1910.03,0.998615
1919.99,0.997857
1930.01,0.99471
1939.99,0.990553
1950.04,0.985059
1960,0.978085
1970.02,0.970188
1979.95,0.961943
1990.02,0.952383
2000.04,0.942582
2009.96,0.932769
2019.95,0.92305
2030.02,0.913393
2040.03,0.90425
2050.05,0.895463
2060.01,0.886779
2069.99,0.878961
2080,0.871564
2089.98,0.864987
2099.97,0.859049
2110.04,0.853888
2119.97,0.849536
2129.95,0.845942
2140.02,0.843063
2150.03,0.840996
2159.95,0.839752
2170.01,0.839169
2180.05,0.839419
2190.01,0.840271
2199.95,0.841908
2209.96,0.844147
2220,0.84695
2230.02,0.850525
2239.96,0.854468
2250.03,0.858872
2260.03,0.864226
2270.02,0.869795
2279.96,0.875721
2289.98,0.881912
2299.96,0.88852
2309.96,0.895092
2320.02,0.90176
2330,0.908852
2339.99,0.916436
2350.04,0.923341
2360,0.930392
2370.03,0.937887
2380.03,0.944324
2389.97,0.950766
2400.03,0.95782
2410.02,0.963305
2420.02,0.9689
2430.04,0.974669
2440.04,0.979507
2450.01,0.984192
2460,0.988138
2470.01,0.991411
2480.04,0.993961
2490.09,0.996044
2499.92,0.997525
2509.98,0.9987
2520.03,0.99891
2530.07,0.999819
2540.09,0.996335
2550.09,0.998667
2560.06,0.995959
2570.01,0.989719
2579.93,0.990676
2590.07,0.985924
2599.98,0.986093
2610.11,0.977956
2620.03,0.973574
2629.97,0.970103
2639.93,0.967169
2649.91,0.96249
2659.91,0.961434
2669.93,0.948075
2679.95,0.949096
2689.99,0.940667
2700.01,0.934175
2710.03,0.930513
2720.02,0.920996
2730,0.91882
2739.94,0.910033
2750.09,0.907722
2759.99,0.902366
2770.1,0.896662
2779.98,0.892425
2790.09,0.885863
2799.98,0.882065
2810.11,0.8772
2820.03,0.873549
2829.98,0.869224
2839.95,0.864628
2849.94,0.861158
2859.94,0.857953
2869.94,0.85556
2879.94,0.852403
2889.93,0.849838
2899.89,0.846516
2910.06,0.844609
2919.98,0.843209
2930.1,0.841629
2939.97,0.840076
2950.05,0.839475
2959.9,0.837781
2969.98,0.837315
2980.06,0.835963
2989.93,0.835161
3000.05,0.836197
3009.97,0.836541
3019.91,0.835443
3030.09,0.835898
3040.06,0.837264
3050.03,0.838184
3060,0.839114
3069.95,0.840439
3079.89,0.84119
3090.03,0.842894
3099.92,0.84401
3110,0.846316
3120.07,0.848163
3130.11,0.849981
3139.93,0.852206
3149.97,0.855277
3160.02,0.857984
3170.09,0.860803
3179.95,0.862177
3190.06,0.866219
3199.96,0.868829
3210.11,0.86981
3220.05,0.87324
3229.98,0.876547
3239.92,0.879595
3250.07,0.8841
3259.97,0.886566
3270.07,0.890257
3279.92,0.893303
3289.97,0.897797
3300,0.900357
3310.01,0.903449
3320.02,0.907585
3330.02,0.912124
3340.04,0.916032
3350.07,0.91916
3359.9,0.922262
3369.98,0.925993
3380.07,0.929937
3389.96,0.933318
3400.09,0.936555
3409.99,0.941778
3420.11,0.944871
3430,0.946891
3440.09,0.949007
3449.93,0.95288
3459.96,0.95473
3469.97,0.959009
3479.96,0.962405
3489.94,0.965402
3499.9,0.967672
3510.1,0.969571
3520.08,0.970753
3530.07,0.975127
3540.09,0.97673
3549.91,0.978987
3559.97,0.981461
3570.05,0.983524
3579.91,0.985731
3590,0.984947
3600.08,0.986471
3609.93,0.987599
3619.98,0.988695
3630,0.991079
3639.99,0.992694
3649.96,0.995012
3659.91,0.991435
3670.06,0.990133
3679.99,0.994022
3689.92,0.996678
3700.08,0.996334
3710.04,0.992215
3720.03,0.994571
3730.03,0.995389
3740.06,0.992674
3750.1,0.994901
3759.93,0.993842
3769.98,0.992807
3780.02,0.99003
3790.04,0.991123
3800.04,0.990397
3810.01,0.990389
3819.96,0.987431
3830.1,0.98531
3840,0.986174
3850.11,0.983001
3860,0.9842
3870.11,0.979183
3880.02,0.979908
3889.94,0.975958
3900.11,0.976423
3910.08,0.974566
3920.07,0.973062
3930.08,0.969945
3940.08,0.968477
3950.09,0.964554
3960.08,0.964565
3970.06,0.962687
3980.01,0.959549
3989.93,0.957437
4000.04,0.956389
4009.91,0.952182
4019.99,0.950954
4030.05,0.948808
4039.9,0.944399
4049.97,0.944924
4060.06,0.943144
4069.95,0.939348
4080.08,0.937397
4090.01,0.937148
4099.96,0.931331
4109.93,0.930518
4120.11,0.92767
4130.07,0.924488
4140.01,0.924704
4149.93,0.920826
4160.05,0.918767
4169.91,0.914522
4179.97,0.914853
4190.01,0.91102
4200.03,0.910356
4210.05,0.907978
4220.07,0.898476
4230.1,0.899034
4239.93,0.891546
4250.01,0.891633
4260.1,0.891602
4270,0.889308
4279.91,0.893024
4290.05,0.881355
4299.96,0.872787
4310.09,0.888372
4319.97,0.895312
4330.06,0.874548
4340.11,0.886362
4349.92,0.880456
4359.92,0.877778
4369.9,0.875683
4380.08,0.875947
4390.05,0.876199
4400.03,0.873054
4410.02,0.873326
4420.04,0.869717
4430.07,0.866971
4439.91,0.866087
4449.99,0.866393
4460.07,0.864353
4469.94,0.862166
4480.03,0.85868
4490.09,0.858974
4499.92,0.856902
4509.93,0.859468
4519.92,0.854109
4530.1,0.855525
4540.04,0.857099
4549.96,0.855335
4560.09,0.852065
4570.02,0.850754
4579.95,0.8493
4589.9,0.848692
4600.1,0.848339
4610.1,0.849467
4619.9,0.849025
4629.93,0.847329
4639.97,0.849753
4650,0.842688
4660.02,0.847469
4670.02,0.847262
4680,0.842614
4689.94,0.844515
4700.08,0.841931
4709.97,0.841739
4720.06,0.846156
4729.93,0.840536
4740.01,0.844782
4750.1,0.841264
4760,0.835732
4769.91,0.84523
4780.07,0.840183
4790.03,0.843016
4800,0.841484
4809.99,0.840603
4819.97,0.835463
4829.94,0.851462
4839.9,0.839722
4850.04,0.837803
4859.94,0.845648
4870.03,0.846361
4880.08,0.844824
4889.91,0.840085
4899.94,0.85108
4909.96,0.833939
4919.99,0.84758
4930.04,0.835096
4939.9,0.853364
4949.99,0.837598
4959.9,0.840586
4970.03,0.836603
4979.96,0.850842
4990.1,0.847983
5000.02,0.848519
5009.92,0.857381
5020.02,0.839915
5030.08,0.836774
5039.9,0.858871
5049.9,0.849818
5060.1,0.865942
5070.07,0.830199
5080.04,0.853625
5090.01,0.877671
5100,0.81872
5110.01,0.862689
5120.04,0.833704
5130.1,0.857059
5139.96,0.867293
5150.04,0.855521
5159.91,0.843494
5169.99,0.815747
5180.05,0.837996
5190.09,0.83185
5199.88,0.813179
